,UCLA_CB,UCLA_CB,UCLA_CB,UCLA_CB,UCLA_CB,UCLA_CB,UCLA_CB,ADHD1,ADHD1,ADHD1,ADHD1,ADHD1,ADHD1,ADHD1,ADHD3,ADHD3,ADHD3,ADHD3,ADHD3,ADHD3,ADHD3,ADHD5,ADHD5,ADHD5,ADHD5,ADHD5,ADHD5,ADHD5,ADHD6,ADHD6,ADHD6,ADHD6,ADHD6,ADHD6,ADHD6,HSJ,HSJ,HSJ,HSJ,HSJ,HSJ,HSJ,NYU,NYU,NYU,NYU,NYU,NYU,NYU,SZ1,SZ1,SZ1,SZ1,SZ1,SZ1,SZ1,SZ2,SZ2,SZ2,SZ2,SZ2,SZ2,SZ2,SZ3,SZ3,SZ3,SZ3,SZ3,SZ3,SZ3,SZ6,SZ6,SZ6,SZ6,SZ6,SZ6,SZ6,Svip1,Svip1,Svip1,Svip1,Svip1,Svip1,Svip1,Svip2,Svip2,Svip2,Svip2,Svip2,Svip2,Svip2,UKBB11025,UKBB11025,UKBB11025,UKBB11025,UKBB11025,UKBB11025,UKBB11025,UKBB11026,UKBB11026,UKBB11026,UKBB11026,UKBB11026,UKBB11026,UKBB11026,UKBB11027,UKBB11027,UKBB11027,UKBB11027,UKBB11027,UKBB11027,UKBB11027,USM,USM,USM,USM,USM,USM,USM
,Loss/train,Loss/test,Accuracy/test,AUC/test,F1/test,Precision/test,Recall/test,Loss/test,Accuracy/test,AUC/test,F1/test,Precision/test,Recall/test,Loss/train,Loss/test,Accuracy/test,AUC/test,F1/test,Precision/test,Recall/test,Loss/train,Loss/test,Accuracy/test,AUC/test,F1/test,Precision/test,Recall/test,Loss/train,Loss/test,Accuracy/test,AUC/test,F1/test,Precision/test,Recall/test,Loss/train,Loss/test,Accuracy/test,AUC/test,F1/test,Precision/test,Recall/test,Loss/train,Loss/test,Accuracy/test,AUC/test,F1/test,Precision/test,Recall/test,Loss/train,Loss/test,Accuracy/test,AUC/test,F1/test,Precision/test,Recall/test,Loss/train,Loss/test,Accuracy/test,AUC/test,F1/test,Precision/test,Recall/test,Loss/train,Loss/test,Accuracy/test,AUC/test,F1/test,Precision/test,Recall/test,Loss/train,Loss/test,Accuracy/test,AUC/test,F1/test,Precision/test,Recall/test,Loss/train,Loss/test,Accuracy/test,AUC/test,F1/test,Precision/test,Recall/test,Loss/train,Loss/test,Accuracy/test,AUC/test,F1/test,Precision/test,Recall/test,Loss/train,Loss/test,Accuracy/test,AUC/test,F1/test,Precision/test,Recall/test,Loss/train,Loss/test,Accuracy/test,AUC/test,F1/test,Precision/test,Recall/test,Loss/train,Loss/test,Accuracy/test,AUC/test,F1/test,Precision/test,Recall/test,Loss/train,Loss/test,Accuracy/test,AUC/test,F1/test,Precision/test,Recall/test,Loss/train
0,216.98921994620167,68.65523797442481,0.0,0.0,0.0,0.0,0.0,2.0702101637847505,0.0,0.0,0.0,0.0,0.0,24.684512475581943,6.6716642026482385,0.0,0.0,0.0,0.0,0.0,50.29808079041636,7.397819758077073,0.0,0.0,0.0,0.0,0.0,12.872731969472397,1.349277128751274,0.0,0.0,0.0,0.0,0.0,24.83015577458909,80.721439970063,0.0,0.0,0.0,0.0,0.0,988.2416697232521,3.3012616821757303,0.0,0.0,0.0,0.0,0.0,32.364575104341135,61.437826968765165,0.0,0.0,0.0,0.0,0.0,1405.638646314629,56.263091994699145,0.0,0.0,0.0,0.0,0.0,153.16077922519173,157.0204205716337,0.0,0.0,0.0,0.0,0.0,1549.6403016777072,42.52056080255307,0.0,0.0,0.0,0.0,0.0,1043.786704752506,84.96676270550472,0.0,0.0,0.0,0.0,0.0,1228.3522133089411,164.96769720781677,0.0,0.0,0.0,0.0,0.0,720.6696097932078,481.20128431565144,0.0,0.0,0.0,0.0,0.0,2683.5001226701597,481.37291579882384,0.0,0.0,0.0,0.0,0.0,3010.1247786610293,857.5257669635951,0.0,0.0,0.0,0.0,0.0,3957.845447975253,26.289464909738815,0.0,0.0,0.0,0.0,0.0,303.4643349891348
1,224.98805214103302,33.207171536904895,0.0,0.0,0.0,0.0,0.0,12.375307422639095,0.0,0.0,0.0,0.0,0.0,29.662396934107903,2.452023688889274,0.0,0.0,0.0,0.0,0.0,5.901199849697638,6.015918740772122,0.0,0.0,0.0,0.0,0.0,45.48555079962815,1.4108073642316312,0.0,0.0,0.0,0.0,0.0,10.305477846954776,40.87195584735432,0.0,0.0,0.0,0.0,0.0,1015.808012342443,4.416943021463833,0.0,0.0,0.0,0.0,0.0,113.19932064969471,13.997539645799124,0.0,0.0,0.0,0.0,0.0,372.9858012191513,9.085975642561781,0.0,0.0,0.0,0.0,0.0,6.426297280689473,104.33746077818013,0.0,0.0,0.0,0.0,0.0,322.4758292551399,9.943425619782557,0.0,0.0,0.0,0.0,0.0,569.0781232775092,91.15169172607034,0.0,0.0,0.0,0.0,0.0,856.8115936728436,134.88441770632525,0.0,0.0,0.0,0.0,0.0,252.41841063055182,245.69986245269442,0.0,0.0,0.0,0.0,0.0,1650.1675667330203,276.22900239393437,0.0,0.0,0.0,0.0,0.0,2121.2274498345487,738.0695216984127,0.0,0.0,0.0,0.0,0.0,4101.913680182982,10.340122475827219,0.0,0.0,0.0,0.0,0.0,71.94668185098304
2,86.87990603419637,56.786108824144584,0.0,0.0,0.0,0.0,0.0,1.786768657763256,0.0,0.0,0.0,0.0,0.0,23.847290093459787,3.229826652951226,0.0,0.0,0.0,0.0,0.0,34.381730821598396,3.311044341290553,0.0,0.0,0.0,0.0,0.0,15.021224588966243,3.123887902779795,0.0,0.0,0.0,0.0,0.0,29.251721388551793,87.96009612680963,0.0,0.0,0.0,0.0,0.0,268.69867765335,9.73089215946669,0.0,0.0,0.0,0.0,0.0,29.389526313761962,20.616769406353978,0.0,0.0,0.0,0.0,0.0,116.05587562078733,10.50515527300173,0.0,0.0,0.0,0.0,0.0,13.633819583567917,53.357550313313276,0.0,0.0,0.0,0.0,0.0,0.613731254159858,5.745726346758759,0.0,0.0,0.0,0.0,0.0,13.97871169803219,77.73583305150669,0.0,0.0,0.0,0.0,0.0,209.03444631464868,62.223688469249225,0.0,0.0,0.0,0.0,0.0,221.61857204763814,24.44696128144833,0.0,0.0,0.0,0.0,0.0,333.53854403204537,213.86402935810966,0.0,0.0,0.0,0.0,0.0,1340.6578629221156,630.9723893900795,0.0,0.0,0.0,0.0,0.0,3122.795349522338,14.482179837978654,0.0,0.0,0.0,0.0,0.0,68.81916435147384
3,20.01272003033131,6.77692564711006,0.0,0.0,0.0,0.0,0.0,1.4138560072848962,0.0,0.0,0.0,0.0,0.0,7.768081110839923,1.726973266705447,0.0,0.0,0.0,0.0,0.0,5.2398019872529344,4.334501083669824,0.0,0.0,0.0,0.0,0.0,8.286956583153431,0.4935458652725029,0.0,0.0,0.0,0.0,0.0,4.960429022376623,51.1709495100265,0.0,0.0,0.0,0.0,0.0,368.08617842097505,5.035057338469397,0.0,0.0,0.0,0.0,0.0,146.8301994325239,21.488907598019185,0.0,0.0,0.0,0.0,0.0,233.29843948600538,11.17950513912204,0.0,0.0,0.0,0.0,0.0,0.14956288862176742,23.129091656124725,0.0,0.0,0.0,0.0,0.0,539.1895708632482,9.176995070364068,0.0,0.0,0.0,0.0,0.0,82.90453819910668,96.12185048417466,0.0,0.0,0.0,0.0,0.0,229.95638463120534,42.79337188836259,0.0,0.0,0.0,0.0,0.0,177.35171233191144,13.483672798649758,0.0,0.0,0.0,0.0,0.0,321.1025475869859,124.4154349982534,0.0,0.0,0.0,0.0,0.0,991.2947007610566,447.96995762016877,0.0,0.0,0.0,0.0,0.0,2925.210434437513,9.961513898120609,0.0,0.0,0.0,0.0,0.0,158.8418492102953
4,32.388894622467355,4.406905024197259,0.0,0.0,0.0,0.0,0.0,0.7493996117246329,0.0,0.0,0.0,0.0,0.0,2.7137024907339122,1.1057166554882036,0.0,0.0,0.0,0.0,0.0,2.45223319854989,1.7694544315172849,0.0,0.0,0.0,0.0,0.0,4.02330301951354,0.4481791639439028,0.0,0.0,0.0,0.0,0.0,4.800659378704061,48.72706388079433,0.0,0.0,0.0,0.0,0.0,346.634845930501,1.5437901551947262,0.0,0.0,0.0,0.0,0.0,43.515341209806294,14.658051313146146,0.0,0.0,0.0,0.0,0.0,50.915235985155746,8.14152563668235,0.0,0.0,0.0,0.0,0.0,273.5355338318095,18.79041640537893,0.0,0.0,0.0,0.0,0.0,42.23895625060257,6.17004640330106,0.0,0.0,0.0,0.0,0.0,69.37677382689289,61.15803101942542,0.0,0.0,0.0,0.0,0.0,489.4641342234836,46.18974658576883,0.0,0.0,0.0,0.0,0.0,51.45126895860055,15.820900594763504,0.0,0.0,0.0,0.0,0.0,140.05138099895115,91.54481230210033,0.0,0.0,0.0,0.0,0.0,720.5710686843902,307.3414637091584,0.0,0.0,0.0,0.0,0.0,2100.6394231834443,8.374396917989731,0.0,0.0,0.0,0.0,0.0,112.66042445270281
5,68.95120398141125,5.728674239073226,0.0,0.0,0.0,0.0,0.0,0.8424215713017941,0.0,0.0,0.0,0.0,0.0,7.134909354278469,0.5265388422513282,0.0,0.0,0.0,0.0,0.0,2.5068678172134033,3.7121667246739602,0.0,0.0,0.0,0.0,0.0,51.34805579333365,0.4457417732424994,0.0,0.0,0.0,0.0,0.0,13.882198936306192,48.77138675850284,0.0,0.0,0.0,0.0,0.0,78.46609886033522,6.071019203601804,0.0,0.0,0.0,0.0,0.0,88.0318895465489,20.362819339601163,0.0,0.0,0.0,0.0,0.0,54.83926334641731,6.867979274251951,0.0,0.0,0.0,0.0,0.0,89.53035730557845,15.790516457246534,0.0,0.0,0.0,0.0,0.0,68.22341264677101,11.190540462392264,0.0,0.0,0.0,0.0,0.0,148.2424328845948,33.707118891870984,0.0,0.0,0.0,0.0,0.0,266.81343013596785,35.564606213429585,0.0,0.0,0.0,0.0,0.0,65.52994037239219,16.121710462751825,0.0,0.0,0.0,0.0,0.0,232.96569958090518,11.902603967764282,0.0,0.0,0.0,0.0,0.0,154.8199415278588,210.85572056077172,0.0,0.0,0.0,0.0,0.0,886.0389819907253,7.926618058558147,0.0,0.0,0.0,0.0,0.0,75.69936776133216
6,19.220926716649238,5.227802432081735,0.0,0.0,0.0,0.0,0.0,0.7265889951639362,0.0,0.0,0.0,0.0,0.0,3.5542026067623484,6.277468815362366,0.0,0.0,0.0,0.0,0.0,1.723640132343289,1.5503579606203322,0.0,0.0,0.0,0.0,0.0,2.9493442315500267,0.27574358705993623,0.0,0.0,0.0,0.0,0.0,3.7721649748657833,67.21469305186848,0.0,0.0,0.0,0.0,0.0,262.1627557691956,2.491578008965533,0.0,0.0,0.0,0.0,0.0,64.49448776119932,24.645134921640405,0.0,0.0,0.0,0.0,0.0,205.56570905565388,11.262624024153641,0.0,0.0,0.0,0.0,0.0,65.14454962971341,13.874599238216462,0.0,0.0,0.0,0.0,0.0,120.93046429596285,16.593156590131215,0.0,0.0,0.0,0.0,0.0,121.24273624143693,48.547545724313,0.0,0.0,0.0,0.0,0.0,240.26015020943342,25.653131304897098,0.0,0.0,0.0,0.0,0.0,40.573450885100854,38.35880550231281,0.0,0.0,0.0,0.0,0.0,60.64059813034978,9.490553086705571,0.0,0.0,0.0,0.0,0.0,81.47320337447843,78.8895737484316,0.0,0.0,0.0,0.0,0.0,658.0605056018418,8.121963204324445,0.0,0.0,0.0,0.0,0.0,21.502093478938527
7,24.594016209243442,7.185173278624082,0.0,0.0,0.0,0.0,0.0,0.48292501820481476,0.0,0.0,0.0,0.0,0.0,2.300612933062186,0.6708842689751138,0.0,0.0,0.0,0.0,0.0,2.316487935481878,2.7336135916716224,0.0,0.0,0.0,0.0,0.0,14.801717637827332,0.7370281357982205,0.0,0.0,0.0,0.0,0.0,10.152076728465238,43.01185372117753,0.0,0.0,0.0,0.0,0.0,60.050659261187164,4.336461992580083,0.0,0.0,0.0,0.0,0.0,36.15857234539476,25.497466503774845,0.0,0.0,0.0,0.0,0.0,135.93543481905843,6.814428102223451,0.0,0.0,0.0,0.0,0.0,25.939122046054322,16.96431029896036,0.0,0.0,0.0,0.0,0.0,0.16095971516993876,10.775775986260825,0.0,0.0,0.0,0.0,0.0,115.14610135333318,72.71703502675123,0.0,0.0,0.0,0.0,0.0,265.80165622792435,20.74616673603645,0.0,0.0,0.0,0.0,0.0,116.7558696996005,16.23518008928041,0.0,0.0,0.0,0.0,0.0,42.38000876458095,13.25426067252064,0.0,0.0,0.0,0.0,0.0,151.7206856798844,18.781218534295277,0.0,0.0,0.0,0.0,0.0,566.6560068309075,8.903190841934615,0.0,0.0,0.0,0.0,0.0,110.47501865877472
8,5.987657535350399,4.32422275852265,0.0,0.0,0.0,0.0,0.0,2.9806774846418618,0.0,0.0,0.0,0.0,0.0,28.133377077898654,0.8136841081152775,0.0,0.0,0.0,0.0,0.0,2.196518271030416,0.9696205065867,0.0,0.0,0.0,0.0,0.0,5.998672085033533,0.4948767317912617,0.0,0.0,0.0,0.0,0.0,2.0785827179573926,37.41396007902051,0.0,0.0,0.0,0.0,0.0,176.83207231581974,3.5199761444728668,0.0,0.0,0.0,0.0,0.0,44.93551568322302,23.786636174102455,0.0,0.0,0.0,0.0,0.0,137.67745412509845,7.2951538684641495,0.0,0.0,0.0,0.0,0.0,37.21809991600956,13.208188353519263,0.0,0.0,0.0,0.0,0.0,118.80608346655416,11.866283283268515,0.0,0.0,0.0,0.0,0.0,37.66028224375289,26.59649776258764,0.0,0.0,0.0,0.0,0.0,171.9171800934125,23.993038116331487,0.0,0.0,0.0,0.0,0.0,64.24916905298312,19.666397449050258,0.0,0.0,0.0,0.0,0.0,175.88332158102884,10.481171290348247,0.0,0.0,0.0,0.0,0.0,147.530577223303,14.966017873126294,0.0,0.0,0.0,0.0,0.0,108.14662128245197,9.11178966083338,0.0,0.0,0.0,0.0,0.0,35.913518105723746
9,17.099261888565103,3.8097669351220507,0.0,0.0,0.0,0.0,0.0,0.5416365478728338,0.0,0.0,0.0,0.0,0.0,0.7401776801890634,0.6195658698871866,0.0,0.0,0.0,0.0,0.0,2.073644203638744,2.001790964602335,0.0,0.0,0.0,0.0,0.0,7.715590072665507,1.3273875756643914,0.0,0.0,0.0,0.0,0.0,2.3221851003804432,31.549716177060034,0.0,0.0,0.0,0.0,0.0,67.98093380879838,3.0560517366250517,0.0,0.0,0.0,0.0,0.0,51.8207958646308,15.199493817442757,0.0,0.0,0.0,0.0,0.0,147.16338675198807,5.282696523226077,0.0,0.0,0.0,0.0,0.0,138.28726676421257,10.291624057740663,0.0,0.0,0.0,0.0,0.0,152.1386785773042,7.70707468148858,0.0,0.0,0.0,0.0,0.0,53.117782389340476,57.901071159528705,0.0,0.0,0.0,0.0,0.0,220.5968798285796,18.245847273355206,0.0,0.0,0.0,0.0,0.0,45.46786548371435,19.657602513152028,0.0,0.0,0.0,0.0,0.0,138.0869247792839,5.9028337184605615,0.0,0.0,0.0,0.0,0.0,117.77804176668005,7.805030825664195,0.0,0.0,0.0,0.0,0.0,113.18165519823675,9.14180545471485,0.0,0.0,0.0,0.0,0.0,76.79501502275532
10,11.636555548575227,2.764003431239719,0.0,0.0,0.0,0.0,0.0,0.5092728265067668,0.0,0.0,0.0,0.0,0.0,2.267846699054621,0.42209903216477157,0.0,0.0,0.0,0.0,0.0,2.325524928079725,1.0792134537335347,0.0,0.0,0.0,0.0,0.0,3.3486165828039938,0.3974591534543864,0.0,0.0,0.0,0.0,0.0,2.249482996834995,29.618395287322603,0.0,0.0,0.0,0.0,0.0,51.49553782115278,2.935192082189569,0.0,0.0,0.0,0.0,0.0,16.725441793562208,21.861098390563647,0.0,0.0,0.0,0.0,0.0,27.311314720821123,5.729813876537724,0.0,0.0,0.0,0.0,0.0,24.82023775663195,8.96057787802719,0.0,0.0,0.0,0.0,0.0,2.599221424872213,7.352542913846132,0.0,0.0,0.0,0.0,0.0,108.08402136572535,51.020217400603215,0.0,0.0,0.0,0.0,0.0,103.14915629709456,11.255696605527493,0.0,0.0,0.0,0.0,0.0,73.69436980703298,17.079865955781347,0.0,0.0,0.0,0.0,0.0,46.47795360671839,5.591175837115501,0.0,0.0,0.0,0.0,0.0,57.773924943660475,9.943339372238295,0.0,0.0,0.0,0.0,0.0,114.41665370993178,5.995407937829472,0.0,0.0,0.0,0.0,0.0,24.58628029574638
11,0.9317550256811689,2.829652761976098,0.0,0.0,0.0,0.0,0.0,0.5053436796876303,0.0,0.0,0.0,0.0,0.0,15.705772350534374,1.1691283122529248,0.0,0.0,0.0,0.0,0.0,2.138270208231818,1.8287034098300927,0.0,0.0,0.0,0.0,0.0,7.440583686725465,0.2902055076147009,0.0,0.0,0.0,0.0,0.0,2.1884732369096382,24.50750034232513,0.0,0.0,0.0,0.0,0.0,244.8878235103254,5.219045097368195,0.0,0.0,0.0,0.0,0.0,47.302955840130494,11.411261045552735,0.0,0.0,0.0,0.0,0.0,28.158052575297575,5.86057924704637,0.0,0.0,0.0,0.0,0.0,27.673355482682766,9.858379394767194,0.0,0.0,0.0,0.0,0.0,0.3651367541005432,6.453572364873833,0.0,0.0,0.0,0.0,0.0,22.33033986505826,22.504848043758898,0.0,0.0,0.0,0.0,0.0,154.52604189490668,11.360397543814278,0.0,0.0,0.0,0.0,0.0,143.51792650901612,27.217610352479085,0.0,0.0,0.0,0.0,0.0,313.9916247186575,4.982397603026767,0.0,0.0,0.0,0.0,0.0,108.90055197194326,11.716874047449943,0.0,0.0,0.0,0.0,0.0,75.11908516430415,6.656926987909553,0.0,0.0,0.0,0.0,0.0,61.00197711427963
12,23.09593737248664,2.9049558752263414,0.0,0.0,0.0,0.0,0.0,1.9253610268727925,0.0,0.0,0.0,0.0,0.0,0.7537965346673604,1.3688484174065378,0.0,0.0,0.0,0.0,0.0,7.036622530734593,1.6280280140140462,0.0,0.0,0.0,0.0,0.0,1.782108393604539,0.27711061738169335,0.0,0.0,0.0,0.0,0.0,9.285189637733156,21.771084190042945,0.0,0.0,0.0,0.0,0.0,34.21163584865837,2.435176190120631,0.0,0.0,0.0,0.0,0.0,17.272038110110806,5.594538429016121,0.0,0.0,0.0,0.0,0.0,90.89161460730283,5.131256811788454,0.0,0.0,0.0,0.0,0.0,196.47646980407131,10.678546634257772,0.0,0.0,0.0,0.0,0.0,30.261956919800998,6.960694415652943,0.0,0.0,0.0,0.0,0.0,61.64514766599222,17.544923374876486,0.0,0.0,0.0,0.0,0.0,203.24233193210145,14.086761798773887,0.0,0.0,0.0,0.0,0.0,23.805031911547538,21.208130142422554,0.0,0.0,0.0,0.0,0.0,93.2883169703784,13.60463084346225,0.0,0.0,0.0,0.0,0.0,73.8981275541318,7.27540956636072,0.0,0.0,0.0,0.0,0.0,98.44628293501138,6.583538783289992,0.0,0.0,0.0,0.0,0.0,31.950799234126002
13,0.8690973754084549,3.2721233344647582,0.0,0.0,0.0,0.0,0.0,1.0877668580635975,0.0,0.0,0.0,0.0,0.0,4.3058573007916285,1.1934532374985627,0.0,0.0,0.0,0.0,0.0,1.8866953250699017,1.482021765460954,0.0,0.0,0.0,0.0,0.0,4.724868884872533,0.2991397105219974,0.0,0.0,0.0,0.0,0.0,3.17727078273822,21.285904209182448,0.0,0.0,0.0,0.0,0.0,126.66978426365198,1.610515146789078,0.0,0.0,0.0,0.0,0.0,37.71577847171314,10.12110776000851,0.0,0.0,0.0,0.0,0.0,46.16443277331689,6.024680670089072,0.0,0.0,0.0,0.0,0.0,7.45592684369483,8.452259685991338,0.0,0.0,0.0,0.0,0.0,33.81133660020275,6.1377910874741355,0.0,0.0,0.0,0.0,0.0,19.743962542005416,32.034062239654205,0.0,0.0,0.0,0.0,0.0,78.70345327218202,12.193422750681163,0.0,0.0,0.0,0.0,0.0,56.12136813037536,16.32345114799005,0.0,0.0,0.0,0.0,0.0,121.62718115200677,7.232617846638858,0.0,0.0,0.0,0.0,0.0,61.45181452282051,7.242822407181459,0.0,0.0,0.0,0.0,0.0,82.97544073031224,6.148045252157943,0.0,0.0,0.0,0.0,0.0,18.499787438965104
14,12.582556359373635,6.64609498186768,0.0,0.0,0.0,0.0,0.0,2.3830489874756853,0.0,0.0,0.0,0.0,0.0,25.46763148564251,0.503830827738528,0.0,0.0,0.0,0.0,0.0,11.0742299301734,1.0504883966606802,0.0,0.0,0.0,0.0,0.0,7.5506975965422365,0.4800828465158588,0.0,0.0,0.0,0.0,0.0,2.546953260746938,19.06381113710707,0.0,0.0,0.0,0.0,0.0,91.10492616028789,1.7335601544367667,0.0,0.0,0.0,0.0,0.0,8.635408797559561,6.564416153855471,0.0,0.0,0.0,0.0,0.0,27.98915051544911,6.1108514950552495,0.0,0.0,0.0,0.0,0.0,23.362945301814076,13.80365691716208,0.0,0.0,0.0,0.0,0.0,0.08693118466402038,5.718543986081315,0.0,0.0,0.0,0.0,0.0,93.32426993878954,29.56693369207245,0.0,0.0,0.0,0.0,0.0,46.80649435839941,16.074003494031267,0.0,0.0,0.0,0.0,0.0,15.666545404023704,20.00130031764811,0.0,0.0,0.0,0.0,0.0,46.30526845206543,10.966647007147866,0.0,0.0,0.0,0.0,0.0,17.550655672417626,8.512878924600411,0.0,0.0,0.0,0.0,0.0,89.34379519655039,6.723667755409616,0.0,0.0,0.0,0.0,0.0,44.581103523746066
15,10.661559733712563,7.602089130802344,0.0,0.0,0.0,0.0,0.0,1.1816950699000872,0.0,0.0,0.0,0.0,0.0,2.45326751401614,0.4762105316375442,0.0,0.0,0.0,0.0,0.0,0.5841263915922476,1.125792864143334,0.0,0.0,0.0,0.0,0.0,10.159825339762405,0.3195728802563076,0.0,0.0,0.0,0.0,0.0,2.31519004866401,16.8554163297741,0.0,0.0,0.0,0.0,0.0,197.41602160197354,1.5211379229598483,0.0,0.0,0.0,0.0,0.0,32.953324562830886,7.7238849242474465,0.0,0.0,0.0,0.0,0.0,51.18369316372467,4.967789010587572,0.0,0.0,0.0,0.0,0.0,17.382448620735303,9.394068717610912,0.0,0.0,0.0,0.0,0.0,43.05210522306576,5.849405409948619,0.0,0.0,0.0,0.0,0.0,43.19220441777235,17.27372826287911,0.0,0.0,0.0,0.0,0.0,76.32440215132978,13.629933714098884,0.0,0.0,0.0,0.0,0.0,35.865538444446656,17.751412434170355,0.0,0.0,0.0,0.0,0.0,44.72677342442874,8.534803336873622,0.0,0.0,0.0,0.0,0.0,35.97901415340046,7.857316167874799,0.0,0.0,0.0,0.0,0.0,91.84179760444377,5.873020108084588,0.0,0.0,0.0,0.0,0.0,29.109865986250274
16,18.408844739607055,2.7171691841847263,0.0,0.0,0.0,0.0,0.0,1.1161783930803557,0.0,0.0,0.0,0.0,0.0,3.777110634681778,0.7612756400988658,0.0,0.0,0.0,0.0,0.0,1.3656186307335596,1.1002085975878844,0.0,0.0,0.0,0.0,0.0,3.8523291326434292,0.9747886174349574,0.0,0.0,0.0,0.0,0.0,11.29113548793113,16.684666455418444,0.0,0.0,0.0,0.0,0.0,153.97938796714533,1.6440625903686006,0.0,0.0,0.0,0.0,0.0,14.225732810262292,8.36317994754562,0.0,0.0,0.0,0.0,0.0,201.9472387931706,4.924225093726345,0.0,0.0,0.0,0.0,0.0,48.396218565473646,7.193864659726671,0.0,0.0,0.0,0.0,0.0,14.827811378865135,6.409767587489989,0.0,0.0,0.0,0.0,0.0,35.791503283110494,17.116933070989326,0.0,0.0,0.0,0.0,0.0,14.091554113945357,7.546569732393811,0.0,0.0,0.0,0.0,0.0,16.95807443639375,15.2106165407203,0.0,0.0,0.0,0.0,0.0,71.43725183943276,11.747766365448296,0.0,0.0,0.0,0.0,0.0,13.813089942782153,17.987452593433424,0.0,0.0,0.0,0.0,0.0,59.601977953550666,8.215006949107584,0.0,0.0,0.0,0.0,0.0,15.456290783560911
17,13.65601793050687,10.471533458910244,0.0,0.0,0.0,0.0,0.0,1.1235420528377216,0.0,0.0,0.0,0.0,0.0,3.1944314714472775,1.4639623580207861,0.0,0.0,0.0,0.0,0.0,1.978429740524128,1.4524009172071242,0.0,0.0,0.0,0.0,0.0,5.310512793284673,0.3298852134999789,0.0,0.0,0.0,0.0,0.0,3.0325342757778264,25.23451441150484,0.0,0.0,0.0,0.0,0.0,82.25234785906846,2.533026707197727,0.0,0.0,0.0,0.0,0.0,8.007712896514068,8.219101125407885,0.0,0.0,0.0,0.0,0.0,79.69579565366348,9.269034256684764,0.0,0.0,0.0,0.0,0.0,50.952970643617626,17.983545510627746,0.0,0.0,0.0,0.0,0.0,98.91225689809666,12.508183941668504,0.0,0.0,0.0,0.0,0.0,2.6675575633637676,38.575108411524596,0.0,0.0,0.0,0.0,0.0,110.63486646968447,24.10207151110239,0.0,0.0,0.0,0.0,0.0,29.531861172151842,74.32795482938619,0.0,0.0,0.0,0.0,0.0,51.3179421413047,51.01206145632481,0.0,0.0,0.0,0.0,0.0,25.84607128092195,56.42689092857277,0.0,0.0,0.0,0.0,0.0,79.59263200680743,13.801441269584556,0.0,0.0,0.0,0.0,0.0,12.519195019514253
18,2.032624970476831,11.522232948664474,0.0,0.0,0.0,0.0,0.0,0.6586748876846475,0.0,0.0,0.0,0.0,0.0,0.9988380681029688,0.48949921200924035,0.0,0.0,0.0,0.0,0.0,0.8862122671354914,1.7368866442061466,0.0,0.0,0.0,0.0,0.0,3.1235753994050195,0.3853373448706891,0.0,0.0,0.0,0.0,0.0,1.806805157434542,14.117492089584019,0.0,0.0,0.0,0.0,0.0,111.0019322569028,1.8969236144310573,0.0,0.0,0.0,0.0,0.0,17.260064142454343,4.748891424088275,0.0,0.0,0.0,0.0,0.0,9.97651621020256,4.939458436480677,0.0,0.0,0.0,0.0,0.0,82.80769214016686,10.616707301564274,0.0,0.0,0.0,0.0,0.0,0.6368357043044137,6.0211461523575105,0.0,0.0,0.0,0.0,0.0,10.35805974630933,11.826587770542694,0.0,0.0,0.0,0.0,0.0,16.580103654706104,17.15488430162457,0.0,0.0,0.0,0.0,0.0,25.430484854944474,23.53086613739104,0.0,0.0,0.0,0.0,0.0,18.07717829561649,9.263815610318375,0.0,0.0,0.0,0.0,0.0,19.938304203568975,18.071071500337144,0.0,0.0,0.0,0.0,0.0,12.608399460679781,6.882590764915793,0.0,0.0,0.0,0.0,0.0,12.193939077496175
19,2.4176426972899625,14.764256042285187,0.0,0.0,0.0,0.0,0.0,1.0426681432749143,0.0,0.0,0.0,0.0,0.0,7.633493150489742,0.6526980855126461,0.0,0.0,0.0,0.0,0.0,0.7521657148904243,2.0826949843629925,0.0,0.0,0.0,0.0,0.0,3.473764520453182,0.24650675260530508,0.0,0.0,0.0,0.0,0.0,3.4758644213815026,33.8548846379895,0.0,0.0,0.0,0.0,0.0,92.35929700897971,3.6166495916047015,0.0,0.0,0.0,0.0,0.0,33.14729101092456,19.251333296039398,0.0,0.0,0.0,0.0,0.0,13.047603902927712,12.163861375107734,0.0,0.0,0.0,0.0,0.0,77.27773374127591,26.408122662236362,0.0,0.0,0.0,0.0,0.0,0.0063310066231551795,9.533948953254354,0.0,0.0,0.0,0.0,0.0,18.35981016667819,22.21577423090033,0.0,0.0,0.0,0.0,0.0,16.72557219213896,5.678998253013911,0.0,0.0,0.0,0.0,0.0,13.650788921932286,41.34712733620893,0.0,0.0,0.0,0.0,0.0,29.19335202008714,24.993998064572416,0.0,0.0,0.0,0.0,0.0,34.74298867671125,40.51363708643204,0.0,0.0,0.0,0.0,0.0,37.7240998858778,9.38288821740556,0.0,0.0,0.0,0.0,0.0,42.513361622810365
20,12.211597564312568,3.455326261884937,0.0,0.0,0.0,0.0,0.0,1.035881350942203,0.0,0.0,0.0,0.0,0.0,0.7110915764922737,0.6617728184585775,0.0,0.0,0.0,0.0,0.0,1.9101585550619653,1.38872847112593,0.0,0.0,0.0,0.0,0.0,7.1627007609866595,0.6276100633046198,0.0,0.0,0.0,0.0,0.0,2.336774157275406,12.738314383940123,0.0,0.0,0.0,0.0,0.0,97.4559256184838,1.168578450130989,0.0,0.0,0.0,0.0,0.0,51.809658416195894,4.92102608872526,0.0,0.0,0.0,0.0,0.0,238.73423388986552,4.881613824338874,0.0,0.0,0.0,0.0,0.0,132.86558529180363,8.519688443023933,0.0,0.0,0.0,0.0,0.0,28.592117419226277,4.863988901803736,0.0,0.0,0.0,0.0,0.0,50.88964887891462,21.89292470677055,0.0,0.0,0.0,0.0,0.0,82.2942480454782,8.213685639586783,0.0,0.0,0.0,0.0,0.0,15.46785970107597,17.26281211734996,0.0,0.0,0.0,0.0,0.0,18.113513748512858,11.189387217372573,0.0,0.0,0.0,0.0,0.0,70.5504665891412,17.700117567084362,0.0,0.0,0.0,0.0,0.0,46.659602819011404,6.823301079817533,0.0,0.0,0.0,0.0,0.0,30.744659177955334
21,0.06494451351281741,3.54116795831226,0.0,0.0,0.0,0.0,0.0,0.6068146075073397,0.0,0.0,0.0,0.0,0.0,6.642111884075251,0.36009286103957844,0.0,0.0,0.0,0.0,0.0,1.1591584931884404,2.3350200271370287,0.0,0.0,0.0,0.0,0.0,1.3227454687713853,0.15191514334768333,0.0,0.0,0.0,0.0,0.0,0.4432978791512897,17.149083622386776,0.0,0.0,0.0,0.0,0.0,48.21750117740896,1.0720318596252134,0.0,0.0,0.0,0.0,0.0,9.163039178209129,5.495833632488237,0.0,0.0,0.0,0.0,0.0,31.363746989247854,4.513287525324211,0.0,0.0,0.0,0.0,0.0,78.88559741375943,13.255672924608417,0.0,0.0,0.0,0.0,0.0,41.895262167221674,5.568827726256699,0.0,0.0,0.0,0.0,0.0,44.35387977689069,18.75850835637527,0.0,0.0,0.0,0.0,0.0,48.498315056038,5.723573807803527,0.0,0.0,0.0,0.0,0.0,14.38970474262508,20.786927272100105,0.0,0.0,0.0,0.0,0.0,122.09978462742437,4.369498579641118,0.0,0.0,0.0,0.0,0.0,23.888562693951517,8.83694965125568,0.0,0.0,0.0,0.0,0.0,20.971889690688823,6.991665308718807,0.0,0.0,0.0,0.0,0.0,10.469538982735639
22,12.441917488277927,4.704765356758642,0.0,0.0,0.0,0.0,0.0,0.850744967897734,0.0,0.0,0.0,0.0,0.0,1.0101893092476903,0.4160320587050825,0.0,0.0,0.0,0.0,0.0,1.0901514862485828,1.4992176052568587,0.0,0.0,0.0,0.0,0.0,2.148843914954424,0.23049184425862623,0.0,0.0,0.0,0.0,0.0,3.774579915539459,12.763987438064609,0.0,0.0,0.0,0.0,0.0,88.09034739609318,1.0210114995994346,0.0,0.0,0.0,0.0,0.0,7.677819930790963,4.205053092784128,0.0,0.0,0.0,0.0,0.0,45.211150359639845,4.81074699355943,0.0,0.0,0.0,0.0,0.0,2.974676321850045,8.263006780790965,0.0,0.0,0.0,0.0,0.0,83.66352398678445,3.4924232158174435,0.0,0.0,0.0,0.0,0.0,4.760425079351845,12.439120476994278,0.0,0.0,0.0,0.0,0.0,55.099144684610394,6.946250304685253,0.0,0.0,0.0,0.0,0.0,39.372929790707616,8.724063779413575,0.0,0.0,0.0,0.0,0.0,200.4925932491135,7.161582341057125,0.0,0.0,0.0,0.0,0.0,144.29359692558825,12.58220620103847,0.0,0.0,0.0,0.0,0.0,29.29219149234479,6.234809665993581,0.0,0.0,0.0,0.0,0.0,41.42474936291754
23,10.571447616405163,7.8451024093044595,0.0,0.0,0.0,0.0,0.0,0.709754017537183,0.0,0.0,0.0,0.0,0.0,0.9123958725612914,0.9152703092279431,0.0,0.0,0.0,0.0,0.0,1.818786695730175,1.521437372400611,0.0,0.0,0.0,0.0,0.0,2.0918826445234404,0.20772321474103517,0.0,0.0,0.0,0.0,0.0,2.0407449483721787,13.089385000419076,0.0,0.0,0.0,0.0,0.0,61.74212451371271,1.3855416936235214,0.0,0.0,0.0,0.0,0.0,3.1577273979770775,5.3699914385857195,0.0,0.0,0.0,0.0,0.0,56.33544668537007,4.285607985761509,0.0,0.0,0.0,0.0,0.0,58.09884027120664,7.070551695414888,0.0,0.0,0.0,0.0,0.0,21.56628207696211,3.464255928552965,0.0,0.0,0.0,0.0,0.0,30.09623836014861,14.27612585372485,0.0,0.0,0.0,0.0,0.0,19.182182846904393,13.560090304341093,0.0,0.0,0.0,0.0,0.0,46.08574167253996,13.170750609492785,0.0,0.0,0.0,0.0,0.0,22.639969322866225,5.149318170247741,0.0,0.0,0.0,0.0,0.0,46.05699353999486,32.30602379156661,0.0,0.0,0.0,0.0,0.0,49.862629173162205,6.088571928923617,0.0,0.0,0.0,0.0,0.0,5.544486276142906
24,16.252958434836778,8.529270339680194,0.0,0.0,0.0,0.0,0.0,0.4650452085329331,0.0,0.0,0.0,0.0,0.0,3.1213603977775928,0.7434687735284832,0.0,0.0,0.0,0.0,0.0,17.185103566570927,2.9366628871241094,0.0,0.0,0.0,0.0,0.0,9.670922646529107,0.09286372926058556,0.0,0.0,0.0,0.0,0.0,0.3472004170171264,12.585356461232118,0.0,0.0,0.0,0.0,0.0,110.0659355899325,2.374559676775055,0.0,0.0,0.0,0.0,0.0,16.526375477479938,5.038018530680133,0.0,0.0,0.0,0.0,0.0,11.933638084332209,4.88693285806933,0.0,0.0,0.0,0.0,0.0,41.38228260630039,7.427421760144916,0.0,0.0,0.0,0.0,0.0,6.95999207247699,3.8644089732225284,0.0,0.0,0.0,0.0,0.0,41.209477765162674,7.428700580850624,0.0,0.0,0.0,0.0,0.0,3.487729421275647,9.447702584244764,0.0,0.0,0.0,0.0,0.0,8.113191200261232,11.481775445140528,0.0,0.0,0.0,0.0,0.0,19.26506392069456,7.706902298088522,0.0,0.0,0.0,0.0,0.0,11.03384670784196,20.095603692442502,0.0,0.0,0.0,0.0,0.0,39.6445070739674,5.935931293625465,0.0,0.0,0.0,0.0,0.0,8.107784284521047
25,4.064949294302752,3.562211688707669,0.0,0.0,0.0,0.0,0.0,0.7888495755232294,0.0,0.0,0.0,0.0,0.0,0.15283143181584571,0.5108353574247801,0.0,0.0,0.0,0.0,0.0,1.1467722195036187,1.196046076709906,0.0,0.0,0.0,0.0,0.0,1.1646375829218572,0.22870810792434818,0.0,0.0,0.0,0.0,0.0,2.1733439330185176,11.44268859338008,0.0,0.0,0.0,0.0,0.0,46.060160857335575,1.07954605326542,0.0,0.0,0.0,0.0,0.0,21.860337712572026,3.5646401194502966,0.0,0.0,0.0,0.0,0.0,19.0094524125309,4.829865390287602,0.0,0.0,0.0,0.0,0.0,50.27629714709616,5.709609387091508,0.0,0.0,0.0,0.0,0.0,9.491579571348707,3.538254999794171,0.0,0.0,0.0,0.0,0.0,31.64567163367348,14.072173340209295,0.0,0.0,0.0,0.0,0.0,11.334959810894398,15.782085564043157,0.0,0.0,0.0,0.0,0.0,13.037915022859973,19.013850734890447,0.0,0.0,0.0,0.0,0.0,35.21451265131228,5.987562714265438,0.0,0.0,0.0,0.0,0.0,21.482689035578648,39.248663888448604,0.0,0.0,0.0,0.0,0.0,50.63266509377017,7.058419996904384,0.0,0.0,0.0,0.0,0.0,11.017423677866628
26,13.33683193999514,4.635002532273233,0.0,0.0,0.0,0.0,0.0,0.8435976558596624,0.0,0.0,0.0,0.0,0.0,2.27957888704293,0.5089375959505671,0.0,0.0,0.0,0.0,0.0,1.6530462920995241,1.249006041847908,0.0,0.0,0.0,0.0,0.0,2.0465166464476128,0.15923661784277177,0.0,0.0,0.0,0.0,0.0,6.448145747755999,13.162865614470256,0.0,0.0,0.0,0.0,0.0,136.80007463617275,1.9544518933130992,0.0,0.0,0.0,0.0,0.0,3.5738774025582662,4.3041812393208225,0.0,0.0,0.0,0.0,0.0,1.8698245390647315,4.3541344693569695,0.0,0.0,0.0,0.0,0.0,10.180140164619278,5.800260320306125,0.0,0.0,0.0,0.0,0.0,20.226696481516946,2.8137367358841314,0.0,0.0,0.0,0.0,0.0,29.74088521739818,9.792666432012293,0.0,0.0,0.0,0.0,0.0,62.084552806532166,7.285841616223898,0.0,0.0,0.0,0.0,0.0,11.903567419570745,17.215285918767574,0.0,0.0,0.0,0.0,0.0,30.161133296698367,5.384641223322227,0.0,0.0,0.0,0.0,0.0,36.83298177349171,10.22038993702964,0.0,0.0,0.0,0.0,0.0,18.139881857050643,6.208669190313953,0.0,0.0,0.0,0.0,0.0,29.925332356576014
27,5.173963221772863,2.6484617317050727,0.0,0.0,0.0,0.0,0.0,0.9486056457048139,0.0,0.0,0.0,0.0,0.0,0.4468313397006975,1.8609003025761093,0.0,0.0,0.0,0.0,0.0,4.1496309754356915,2.9868910329930665,0.0,0.0,0.0,0.0,0.0,1.557575519753765,0.12723361493200716,0.0,0.0,0.0,0.0,0.0,0.7268729202580799,16.816435379307023,0.0,0.0,0.0,0.0,0.0,135.4695548080595,5.107269143995646,0.0,0.0,0.0,0.0,0.0,19.707710746509605,8.922502023873449,0.0,0.0,0.0,0.0,0.0,13.772320203918264,4.998030199718769,0.0,0.0,0.0,0.0,0.0,4.069317834292784,9.696406168565632,0.0,0.0,0.0,0.0,0.0,31.771756472188155,5.152261020015826,0.0,0.0,0.0,0.0,0.0,5.101860985759943,25.214045077515507,0.0,0.0,0.0,0.0,0.0,12.75405806452076,4.864466542061571,0.0,0.0,0.0,0.0,0.0,31.21332971478601,21.949017088691093,0.0,0.0,0.0,0.0,0.0,22.20839205119456,26.27748513928798,0.0,0.0,0.0,0.0,0.0,29.31456477824989,38.083683487165885,0.0,0.0,0.0,0.0,0.0,10.611718173029724,5.836886647641456,0.0,0.0,0.0,0.0,0.0,9.445127415525086
28,6.8021868430760675,2.9256535967667383,0.0,0.0,0.0,0.0,0.0,1.800054590769802,0.0,0.0,0.0,0.0,0.0,1.7852131236365272,0.6604630906545533,0.0,0.0,0.0,0.0,0.0,3.8597084798487087,4.837239583532845,0.0,0.0,0.0,0.0,0.0,13.810487496242594,0.6170359683003107,0.0,0.0,0.0,0.0,0.0,1.0772879847422654,11.742570625011219,0.0,0.0,0.0,0.0,0.0,95.19038538493213,3.144200772170524,0.0,0.0,0.0,0.0,0.0,8.89971622130108,6.177737116236521,0.0,0.0,0.0,0.0,0.0,93.81326356531494,6.253749675753544,0.0,0.0,0.0,0.0,0.0,1.291291705746711,7.543346495180889,0.0,0.0,0.0,0.0,0.0,131.08525492396763,4.034994212749996,0.0,0.0,0.0,0.0,0.0,24.233161994295514,6.134367661236121,0.0,0.0,0.0,0.0,0.0,20.05950401329703,7.440933217657762,0.0,0.0,0.0,0.0,0.0,6.7682865462574044,20.293542669969135,0.0,0.0,0.0,0.0,0.0,17.42031420921375,5.679724994499341,0.0,0.0,0.0,0.0,0.0,84.07764587724657,14.045778904649728,0.0,0.0,0.0,0.0,0.0,188.76917551449773,6.583969157370981,0.0,0.0,0.0,0.0,0.0,16.937486724675477
29,4.712819672160197,3.222600328754347,0.0,0.0,0.0,0.0,0.0,0.9301305574076398,0.0,0.0,0.0,0.0,0.0,4.2865045768474515,0.3743594985238967,0.0,0.0,0.0,0.0,0.0,1.0607592680905749,2.8124582922074564,0.0,0.0,0.0,0.0,0.0,1.409120787577745,0.17210599557894724,0.0,0.0,0.0,0.0,0.0,2.8545911150467616,13.004428369433812,0.0,0.0,0.0,0.0,0.0,33.95173410184508,1.5985470623429188,0.0,0.0,0.0,0.0,0.0,6.268635412626566,5.425481113362376,0.0,0.0,0.0,0.0,0.0,31.791097729172684,4.023604005523531,0.0,0.0,0.0,0.0,0.0,47.120004849102195,9.903469736213376,0.0,0.0,0.0,0.0,0.0,11.896479800439073,3.7223113231331584,0.0,0.0,0.0,0.0,0.0,1.597403810808803,12.223688509635302,0.0,0.0,0.0,0.0,0.0,12.62784924497498,14.451208811252767,0.0,0.0,0.0,0.0,0.0,6.903223898793155,29.170831024496714,0.0,0.0,0.0,0.0,0.0,13.351575424307011,19.88397443039174,0.0,0.0,0.0,0.0,0.0,26.903922772819314,20.225316025038502,0.0,0.0,0.0,0.0,0.0,4.714036784863811,5.65672583391093,0.0,0.0,0.0,0.0,0.0,6.699639562134298
30,9.632057121273315,20.649548426562593,0.0,0.0,0.0,0.0,0.0,0.8683362206197124,0.0,0.0,0.0,0.0,0.0,1.8623593451995673,0.8056122571748154,0.0,0.0,0.0,0.0,0.0,0.4515337517434449,2.426905317459095,0.0,0.0,0.0,0.0,0.0,2.8248265977693063,0.33901260668286926,0.0,0.0,0.0,0.0,0.0,1.175062941202201,21.271084405461924,0.0,0.0,0.0,0.0,0.0,26.21338322973434,1.9124830182100812,0.0,0.0,0.0,0.0,0.0,8.34408766138986,11.429784801053263,0.0,0.0,0.0,0.0,0.0,0.8523784568301443,10.580905601410308,0.0,0.0,0.0,0.0,0.0,9.626794449295641,17.948694205544836,0.0,0.0,0.0,0.0,0.0,0.6821019804886946,3.9525954156611633,0.0,0.0,0.0,0.0,0.0,15.11507151565145,10.038837945743662,0.0,0.0,0.0,0.0,0.0,10.826217837158199,7.187323545402828,0.0,0.0,0.0,0.0,0.0,46.88250319360881,34.499599712339574,0.0,0.0,0.0,0.0,0.0,89.36785858947364,18.088200130056343,0.0,0.0,0.0,0.0,0.0,49.23644473078926,71.36601744527877,0.0,0.0,0.0,0.0,0.0,50.935432992631725,6.882290897221302,0.0,0.0,0.0,0.0,0.0,52.244746484206374
31,21.25007323826904,7.558988970317943,0.0,0.0,0.0,0.0,0.0,0.7150020442342093,0.0,0.0,0.0,0.0,0.0,1.5559693831576429,1.0925386556175822,0.0,0.0,0.0,0.0,0.0,5.583745808498003,1.3080189619073013,0.0,0.0,0.0,0.0,0.0,1.3637710495660718,0.283315597067857,0.0,0.0,0.0,0.0,0.0,0.8387844621075408,11.897922238620136,0.0,0.0,0.0,0.0,0.0,12.33137900428883,1.1672791609599331,0.0,0.0,0.0,0.0,0.0,14.31453987885055,7.359928581208103,0.0,0.0,0.0,0.0,0.0,5.498481719830103,4.632031352811123,0.0,0.0,0.0,0.0,0.0,0.011262387232097729,7.7382840333932315,0.0,0.0,0.0,0.0,0.0,4.13745185842651,3.3551359523248,0.0,0.0,0.0,0.0,0.0,19.214210283318785,8.627094267766356,0.0,0.0,0.0,0.0,0.0,4.132677465600977,10.400465204389958,0.0,0.0,0.0,0.0,0.0,38.43790702378583,11.999809149209577,0.0,0.0,0.0,0.0,0.0,12.312805535808785,5.3753212048246395,0.0,0.0,0.0,0.0,0.0,9.537608925585609,18.26115191935209,0.0,0.0,0.0,0.0,0.0,16.420867088411722,5.5399930517186755,0.0,0.0,0.0,0.0,0.0,31.433166577083732
32,1.9045997756323554,5.96834909534031,0.0,0.0,0.0,0.0,0.0,0.8947607283035225,0.0,0.0,0.0,0.0,0.0,0.553117561015957,0.7024384314721898,0.0,0.0,0.0,0.0,0.0,2.3165151668445096,1.574572618950079,0.0,0.0,0.0,0.0,0.0,1.109799535210766,0.24247140317147825,0.0,0.0,0.0,0.0,0.0,4.165702514189858,10.874430505492315,0.0,0.0,0.0,0.0,0.0,25.66712368336534,4.276831356460929,0.0,0.0,0.0,0.0,0.0,1.813696992325933,6.947609085552334,0.0,0.0,0.0,0.0,0.0,2.8927786339945487,4.862004255066408,0.0,0.0,0.0,0.0,0.0,13.930593448378465,6.3824385171839415,0.0,0.0,0.0,0.0,0.0,11.91177582104565,3.43562585879009,0.0,0.0,0.0,0.0,0.0,9.266251774992242,18.537281656796235,0.0,0.0,0.0,0.0,0.0,8.058391284521004,7.511115778153483,0.0,0.0,0.0,0.0,0.0,4.225746023540601,15.355837760310413,0.0,0.0,0.0,0.0,0.0,43.94511762000387,5.0377369807856995,0.0,0.0,0.0,0.0,0.0,17.51485345487282,23.33625279430076,0.0,0.0,0.0,0.0,0.0,13.825834281939269,6.20607911603776,0.0,0.0,0.0,0.0,0.0,18.32788600245745
33,0.20462162334883138,6.225694814025975,0.0,0.0,0.0,0.0,0.0,0.7714682352041972,0.0,0.0,0.0,0.0,0.0,0.10664566118975889,0.45047999240601017,0.0,0.0,0.0,0.0,0.0,1.234683128980931,1.467845058956066,0.0,0.0,0.0,0.0,0.0,6.891149566756249,0.45906571194229984,0.0,0.0,0.0,0.0,0.0,7.419302852714827,8.044909418575934,0.0,0.0,0.0,0.0,0.0,35.137126434137215,1.0055674714180596,0.0,0.0,0.0,0.0,0.0,27.356543964009706,3.226617441683436,0.0,0.0,0.0,0.0,0.0,3.9419636665348774,4.409510878045156,0.0,0.0,0.0,0.0,0.0,4.531741605719484,7.871753054110368,0.0,0.0,0.0,0.0,0.0,0.041012357178148974,4.10868127211835,0.0,0.0,0.0,0.0,0.0,95.82916805217424,10.034192247494422,0.0,0.0,0.0,0.0,0.0,15.69585450683909,15.681754889322287,0.0,0.0,0.0,0.0,0.0,13.124230406019928,18.010781837927006,0.0,0.0,0.0,0.0,0.0,31.518128890778403,3.814384796401266,0.0,0.0,0.0,0.0,0.0,9.319890753887778,22.313488944686306,0.0,0.0,0.0,0.0,0.0,4.544833624149156,5.110701318045096,0.0,0.0,0.0,0.0,0.0,17.30823453393148
34,10.59348334278893,5.246695110892702,0.0,0.0,0.0,0.0,0.0,0.6392786962706388,0.0,0.0,0.0,0.0,0.0,0.17520274911146275,0.7008064941139426,0.0,0.0,0.0,0.0,0.0,1.3870501249230593,1.0294997521167262,0.0,0.0,0.0,0.0,0.0,4.687715581932532,0.11856370254780708,0.0,0.0,0.0,0.0,0.0,3.478020858224324,9.9437546522646,0.0,0.0,0.0,0.0,0.0,19.681668734602482,0.7855725146783167,0.0,0.0,0.0,0.0,0.0,6.8649260660545535,3.5299567784884296,0.0,0.0,0.0,0.0,0.0,69.28585418515465,4.2772479328179,0.0,0.0,0.0,0.0,0.0,34.70286413342494,8.490325276136389,0.0,0.0,0.0,0.0,0.0,4.705647749940329,3.5591126423720505,0.0,0.0,0.0,0.0,0.0,16.527476897797566,9.631758158972652,0.0,0.0,0.0,0.0,0.0,8.076416247677523,11.328906651884411,0.0,0.0,0.0,0.0,0.0,5.633466383814521,9.890631810913282,0.0,0.0,0.0,0.0,0.0,112.08513844270847,5.153153163947967,0.0,0.0,0.0,0.0,0.0,27.84674301166234,18.04123715332427,0.0,0.0,0.0,0.0,0.0,8.750224138991214,4.546565782608586,0.0,0.0,0.0,0.0,0.0,17.662702913628582
35,0.874718947592473,4.435436570240584,0.0,0.0,0.0,0.0,0.0,1.0492610897320036,0.0,0.0,0.0,0.0,0.0,0.3888496609889345,0.643887155929634,0.0,0.0,0.0,0.0,0.0,4.146026334355105,2.151632143273514,0.0,0.0,0.0,0.0,0.0,1.6011551085988074,0.18119344605790716,0.0,0.0,0.0,0.0,0.0,0.8264143236045146,8.441874312890398,0.0,0.0,0.0,0.0,0.0,5.05506818008827,4.685127939201329,0.0,0.0,0.0,0.0,0.0,12.399421488881831,3.511364042636764,0.0,0.0,0.0,0.0,0.0,76.25671764453872,4.3387623501135675,0.0,0.0,0.0,0.0,0.0,2.5210197522938045,14.167786791638797,0.0,0.0,0.0,0.0,0.0,0.13127104909400422,4.657066229280294,0.0,0.0,0.0,0.0,0.0,14.618407845646184,8.354439673519062,0.0,0.0,0.0,0.0,0.0,3.7220709051378082,8.889873865571278,0.0,0.0,0.0,0.0,0.0,13.767309297897933,20.733778815783467,0.0,0.0,0.0,0.0,0.0,17.282173407744473,12.404835097069133,0.0,0.0,0.0,0.0,0.0,42.61960331853378,23.357002533326213,0.0,0.0,0.0,0.0,0.0,5.557926215782032,5.198595706418518,0.0,0.0,0.0,0.0,0.0,12.678632819100272
36,2.4399325370935916,3.5899581939433793,0.0,0.0,0.0,0.0,0.0,0.7857120780024112,0.0,0.0,0.0,0.0,0.0,0.8783558020971581,0.7128144512844338,0.0,0.0,0.0,0.0,0.0,1.1242849989872223,1.6418245639286293,0.0,0.0,0.0,0.0,0.0,2.5729724885518377,0.24266451782813325,0.0,0.0,0.0,0.0,0.0,2.830909023057987,8.691715893687073,0.0,0.0,0.0,0.0,0.0,47.398699631415816,0.7563615501435953,0.0,0.0,0.0,0.0,0.0,6.537569681754451,6.744977687905296,0.0,0.0,0.0,0.0,0.0,2.8431029715316227,5.887215152123044,0.0,0.0,0.0,0.0,0.0,8.718281195086591,9.43423119349677,0.0,0.0,0.0,0.0,0.0,1.2068954624972765,2.9677011342922417,0.0,0.0,0.0,0.0,0.0,5.587022568815212,4.891222858057196,0.0,0.0,0.0,0.0,0.0,31.336039125121506,19.573563560333458,0.0,0.0,0.0,0.0,0.0,1.2059745324283213,10.866118813265926,0.0,0.0,0.0,0.0,0.0,17.790286482879516,6.670640658276386,0.0,0.0,0.0,0.0,0.0,20.015578991436044,56.49654068333673,0.0,0.0,0.0,0.0,0.0,5.777725713778259,4.238255610025773,0.0,0.0,0.0,0.0,0.0,15.116679882600636
37,13.908100095341318,13.047286945902764,0.0,0.0,0.0,0.0,0.0,2.320944388410481,0.0,0.0,0.0,0.0,0.0,0.9776080232063981,0.510933202228366,0.0,0.0,0.0,0.0,0.0,0.8934289838147835,1.440438267486265,0.0,0.0,0.0,0.0,0.0,4.348323182379616,0.24384611990184868,0.0,0.0,0.0,0.0,0.0,4.369355062102584,9.607210715653297,0.0,0.0,0.0,0.0,0.0,9.92376126441332,4.025073016835714,0.0,0.0,0.0,0.0,0.0,17.363663067851217,3.2070242531473028,0.0,0.0,0.0,0.0,0.0,13.714088989815668,5.317198301566991,0.0,0.0,0.0,0.0,0.0,3.24992673936732,8.029232538230014,0.0,0.0,0.0,0.0,0.0,75.89480397989365,3.9782439573639614,0.0,0.0,0.0,0.0,0.0,14.826772713459194,12.44767549158793,0.0,0.0,0.0,0.0,0.0,1.5074586649513988,15.847607495774193,0.0,0.0,0.0,0.0,0.0,1.6885267239311275,26.392420325871633,0.0,0.0,0.0,0.0,0.0,8.33572553306026,5.529528893744434,0.0,0.0,0.0,0.0,0.0,52.162053126613564,25.9536071558989,0.0,0.0,0.0,0.0,0.0,14.665503719431026,5.702775887392836,0.0,0.0,0.0,0.0,0.0,12.778014330586071
38,2.050365727930999,3.3582920796126032,0.0,0.0,0.0,0.0,0.0,1.216681849207213,0.0,0.0,0.0,0.0,0.0,1.3116293649055168,0.919930604401313,0.0,0.0,0.0,0.0,0.0,2.06956953318789,1.430235715155914,0.0,0.0,0.0,0.0,0.0,3.276348364667655,0.06959754380003627,0.0,0.0,0.0,0.0,0.0,6.514294027513756,9.089288791467839,0.0,0.0,0.0,0.0,0.0,1.9037368618935022,1.093053824487375,0.0,0.0,0.0,0.0,0.0,27.5631313164093,3.433508343857929,0.0,0.0,0.0,0.0,0.0,2.557548165954202,5.669296500786068,0.0,0.0,0.0,0.0,0.0,0.8270688220693729,10.151995316376116,0.0,0.0,0.0,0.0,0.0,0.0631604898105477,3.316925762602725,0.0,0.0,0.0,0.0,0.0,22.814109650824996,8.50210304866068,0.0,0.0,0.0,0.0,0.0,5.127090985096851,9.45331076275877,0.0,0.0,0.0,0.0,0.0,5.44463870737173,15.956340810675684,0.0,0.0,0.0,0.0,0.0,11.923258689123243,4.967662456399185,0.0,0.0,0.0,0.0,0.0,129.41606752427663,19.830838812088697,0.0,0.0,0.0,0.0,0.0,171.4546828072269,4.4303877019275815,0.0,0.0,0.0,0.0,0.0,22.27130507411313
39,15.708658369205331,4.10341887043324,0.0,0.0,0.0,0.0,0.0,0.8323380432552248,0.0,0.0,0.0,0.0,0.0,0.6679773561457983,0.5358376134948752,0.0,0.0,0.0,0.0,0.0,4.350420035845532,2.7621478277871017,0.0,0.0,0.0,0.0,0.0,7.301612318633268,1.00820237509846,0.0,0.0,0.0,0.0,0.0,11.608829500969305,9.404889410664936,0.0,0.0,0.0,0.0,0.0,130.3482102006444,6.447631162166731,0.0,0.0,0.0,0.0,0.0,42.65036288884344,4.1278523025483524,0.0,0.0,0.0,0.0,0.0,10.960840413032686,11.597512878925361,0.0,0.0,0.0,0.0,0.0,179.0401924945255,12.027766865631369,0.0,0.0,0.0,0.0,0.0,47.700569168147744,4.444221524765688,0.0,0.0,0.0,0.0,0.0,17.198572266971706,10.016133297455289,0.0,0.0,0.0,0.0,0.0,22.623071631270378,10.704156597624927,0.0,0.0,0.0,0.0,0.0,37.690441728328295,25.256431624260287,0.0,0.0,0.0,0.0,0.0,202.67413654014345,25.62831954187792,0.0,0.0,0.0,0.0,0.0,21.55806637754295,34.169095618119975,0.0,0.0,0.0,0.0,0.0,100.20843990200751,3.9928915374409617,0.0,0.0,0.0,0.0,0.0,3.663187301070745
40,4.762275188960302,3.590381737581419,0.0,0.0,0.0,0.0,0.0,1.551509967461409,0.0,0.0,0.0,0.0,0.0,0.028047894597546873,1.292583542024023,0.0,0.0,0.0,0.0,0.0,12.179669317544839,1.6407053544474548,0.0,0.0,0.0,0.0,0.0,2.139150237204492,0.08975856434439136,0.0,0.0,0.0,0.0,0.0,1.3479643846789258,25.75911985895715,0.0,0.0,0.0,0.0,0.0,130.79290134397814,0.8863066486117307,0.0,0.0,0.0,0.0,0.0,9.096412810199274,11.554571960626106,0.0,0.0,0.0,0.0,0.0,9.496570568269219,14.551816668729096,0.0,0.0,0.0,0.0,0.0,0.107845340237665,10.547682890266364,0.0,0.0,0.0,0.0,0.0,0.973047610621531,3.558592967489506,0.0,0.0,0.0,0.0,0.0,7.289359201425096,8.150453474326714,0.0,0.0,0.0,0.0,0.0,6.569988360114313,9.825325966618012,0.0,0.0,0.0,0.0,0.0,12.939606188513986,10.371718723122784,0.0,0.0,0.0,0.0,0.0,11.877909342042221,40.42712894193518,0.0,0.0,0.0,0.0,0.0,28.807489119515324,24.37362983228015,0.0,0.0,0.0,0.0,0.0,8.901992166365844,6.186904843660556,0.0,0.0,0.0,0.0,0.0,22.236800186916703
41,1.9364765456663702,9.476100823392988,0.0,0.0,0.0,0.0,0.0,1.3108305788952825,0.0,0.0,0.0,0.0,0.0,14.798783681385645,0.6695484212377573,0.0,0.0,0.0,0.0,0.0,1.2162515776748617,2.05884257985866,0.0,0.0,0.0,0.0,0.0,5.286572245430283,0.13425290113508054,0.0,0.0,0.0,0.0,0.0,9.92670180699869,24.388173270733684,0.0,0.0,0.0,0.0,0.0,10.922289397211612,5.890284051385491,0.0,0.0,0.0,0.0,0.0,9.55084934848664,14.81588683979664,0.0,0.0,0.0,0.0,0.0,26.977170115787562,10.149322139220867,0.0,0.0,0.0,0.0,0.0,47.126193992739346,16.180590779871714,0.0,0.0,0.0,0.0,0.0,1.758494699678873,11.276308689062873,0.0,0.0,0.0,0.0,0.0,8.664940735434435,18.57003048474265,0.0,0.0,0.0,0.0,0.0,88.8773467346834,6.1888159088554655,0.0,0.0,0.0,0.0,0.0,2.0384218697690573,38.99633031244284,0.0,0.0,0.0,0.0,0.0,17.77868568618203,18.541813080311194,0.0,0.0,0.0,0.0,0.0,72.00240571564973,47.247372884699,0.0,0.0,0.0,0.0,0.0,2.8332075255745335,6.396708038552716,0.0,0.0,0.0,0.0,0.0,3.8272928129590533
42,0.5700617809135319,7.293609176690072,0.0,0.0,0.0,0.0,0.0,0.6366254200829382,0.0,0.0,0.0,0.0,0.0,6.19971820454763,1.3322991371167168,0.0,0.0,0.0,0.0,0.0,0.15393469076729288,1.6605264827562003,0.0,0.0,0.0,0.0,0.0,5.036211349704137,0.11723868217279265,0.0,0.0,0.0,0.0,0.0,0.9304264237864281,8.056556600277522,0.0,0.0,0.0,0.0,0.0,57.12010098202631,1.0283670066029422,0.0,0.0,0.0,0.0,0.0,2.0949036546207944,3.7563121448334034,0.0,0.0,0.0,0.0,0.0,81.53450206031043,5.37824447486387,0.0,0.0,0.0,0.0,0.0,7.469678292877603,10.648162710931116,0.0,0.0,0.0,0.0,0.0,6.816818479126798,3.407598350626952,0.0,0.0,0.0,0.0,0.0,13.678808269436745,14.533594657376714,0.0,0.0,0.0,0.0,0.0,1.5552265475900056,16.961750303289115,0.0,0.0,0.0,0.0,0.0,11.272460222160438,10.888379617469905,0.0,0.0,0.0,0.0,0.0,20.435654264703295,4.861190561759537,0.0,0.0,0.0,0.0,0.0,13.47659075229819,26.840761553639503,0.0,0.0,0.0,0.0,0.0,86.3212494807338,4.438447970824552,0.0,0.0,0.0,0.0,0.0,2.488412829024977
43,17.796653395877712,6.797226854990651,0.0,0.0,0.0,0.0,0.0,1.3908362475292557,0.0,0.0,0.0,0.0,0.0,8.751142344126917,0.6944658108908718,0.0,0.0,0.0,0.0,0.0,0.8666506737311842,1.7183320014218224,0.0,0.0,0.0,0.0,0.0,4.53320758602498,0.34202781684285655,0.0,0.0,0.0,0.0,0.0,0.6186568193408541,10.921045142034764,0.0,0.0,0.0,0.0,0.0,20.262842920451913,1.7056245550747113,0.0,0.0,0.0,0.0,0.0,15.57625242025748,3.547761099300735,0.0,0.0,0.0,0.0,0.0,4.510807612154918,4.128438298759373,0.0,0.0,0.0,0.0,0.0,105.74882448109882,10.059068236761373,0.0,0.0,0.0,0.0,0.0,60.27735629554886,3.659893408316603,0.0,0.0,0.0,0.0,0.0,21.967566924179735,9.019152701449972,0.0,0.0,0.0,0.0,0.0,8.31692592406168,15.848831896587996,0.0,0.0,0.0,0.0,0.0,0.9990107363472672,14.400074402624096,0.0,0.0,0.0,0.0,0.0,33.920109173794266,8.064724868511368,0.0,0.0,0.0,0.0,0.0,11.888413211248382,19.940065139480044,0.0,0.0,0.0,0.0,0.0,8.704418675855278,6.864226061762214,0.0,0.0,0.0,0.0,0.0,39.417347115552005
44,0.12789911148552915,10.440843569052365,0.0,0.0,0.0,0.0,0.0,0.852810341854142,0.0,0.0,0.0,0.0,0.0,7.307008926774384,0.8064859079626665,0.0,0.0,0.0,0.0,0.0,0.33629306672880954,1.813828449782243,0.0,0.0,0.0,0.0,0.0,0.6553860585431305,0.33671263500723286,0.0,0.0,0.0,0.0,0.0,0.47386099075601024,11.079668726193724,0.0,0.0,0.0,0.0,0.0,11.562521903475425,1.1394922713218385,0.0,0.0,0.0,0.0,0.0,4.773481029092128,4.847728643755054,0.0,0.0,0.0,0.0,0.0,17.861339905784174,4.309612587715359,0.0,0.0,0.0,0.0,0.0,7.093578034888691,10.221208039309124,0.0,0.0,0.0,0.0,0.0,10.1804101099255,3.982326987961565,0.0,0.0,0.0,0.0,0.0,2.344427063271614,7.871337205213433,0.0,0.0,0.0,0.0,0.0,7.268649314592931,18.485712749263417,0.0,0.0,0.0,0.0,0.0,1.2895304478024674,15.458485218168978,0.0,0.0,0.0,0.0,0.0,2.4235651643178495,19.453483712690392,0.0,0.0,0.0,0.0,0.0,72.87870310636097,28.894665861062343,0.0,0.0,0.0,0.0,0.0,19.8410967263636,3.8554776023738193,0.0,0.0,0.0,0.0,0.0,9.294612069346007
45,0.15819827211732612,2.668867807388693,0.0,0.0,0.0,0.0,0.0,0.5576098356588866,0.0,0.0,0.0,0.0,0.0,0.8532417501828385,1.0250540598028375,0.0,0.0,0.0,0.0,0.0,0.7906189657341793,1.511683572461389,0.0,0.0,0.0,0.0,0.0,9.285418040284448,0.20160871643744632,0.0,0.0,0.0,0.0,0.0,0.7717692936219763,6.698812891661754,0.0,0.0,0.0,0.0,0.0,36.26247770973815,1.0420137083965562,0.0,0.0,0.0,0.0,0.0,7.738911104610574,4.364194172575986,0.0,0.0,0.0,0.0,0.0,0.060453582825425435,4.768729165649601,0.0,0.0,0.0,0.0,0.0,0.08319974270527342,9.471325450067187,0.0,0.0,0.0,0.0,0.0,0.29873565090199533,5.7047517318587095,0.0,0.0,0.0,0.0,0.0,4.119665304117356,20.95983005617768,0.0,0.0,0.0,0.0,0.0,1.2764588621683837,27.372779526251687,0.0,0.0,0.0,0.0,0.0,1.4765648662913462,14.901063954530509,0.0,0.0,0.0,0.0,0.0,81.25969504400952,4.259016536019359,0.0,0.0,0.0,0.0,0.0,23.32195064115445,17.490593178240925,0.0,0.0,0.0,0.0,0.0,13.962509529075717,4.3373388289652075,0.0,0.0,0.0,0.0,0.0,8.334130808946878
46,1.3060191073565346,4.915829835459827,0.0,0.0,0.0,0.0,0.0,0.6103377666549593,0.0,0.0,0.0,0.0,0.0,0.9301282523998825,0.8578984283944974,0.0,0.0,0.0,0.0,0.0,0.43685656147618845,0.9485455959128027,0.0,0.0,0.0,0.0,0.0,2.6698935626857225,0.12128835701668565,0.0,0.0,0.0,0.0,0.0,3.4957960622297897,11.30667053727959,0.0,0.0,0.0,0.0,0.0,27.068909872435004,1.572536161388285,0.0,0.0,0.0,0.0,0.0,3.7071653201174106,14.428090219758115,0.0,0.0,0.0,0.0,0.0,19.948385600131402,5.914397130073973,0.0,0.0,0.0,0.0,0.0,0.2660599871684122,8.685834961835047,0.0,0.0,0.0,0.0,0.0,22.881794182024933,3.5793020206361033,0.0,0.0,0.0,0.0,0.0,16.32982644585907,10.818294492277186,0.0,0.0,0.0,0.0,0.0,16.297044706425183,14.037244615485369,0.0,0.0,0.0,0.0,0.0,8.3635682331748,18.469085414877156,0.0,0.0,0.0,0.0,0.0,15.577825416894534,16.803552760594478,0.0,0.0,0.0,0.0,0.0,34.32502871946858,19.21546241102418,0.0,0.0,0.0,0.0,0.0,12.41266623900823,4.789565042027749,0.0,0.0,0.0,0.0,0.0,7.210743141528377
47,7.793061301697118,3.2272433041713686,0.0,0.0,0.0,0.0,0.0,0.6249223958689915,0.0,0.0,0.0,0.0,0.0,1.2166162833946443,0.587206082119133,0.0,0.0,0.0,0.0,0.0,4.282866237140654,1.9077261524989122,0.0,0.0,0.0,0.0,0.0,1.232784588194083,0.12188170726412526,0.0,0.0,0.0,0.0,0.0,0.38997369788860364,8.029581598369727,0.0,0.0,0.0,0.0,0.0,33.90716760659624,5.821361232628191,0.0,0.0,0.0,0.0,0.0,1.9265352037986148,4.70308983158593,0.0,0.0,0.0,0.0,0.0,2.489796382637006,5.1263769103066945,0.0,0.0,0.0,0.0,0.0,1.413792228382222,9.293090757171706,0.0,0.0,0.0,0.0,0.0,0.012993585412618122,3.6994488428386445,0.0,0.0,0.0,0.0,0.0,6.180152912432004,15.520813576793747,0.0,0.0,0.0,0.0,0.0,5.0490317248231245,11.49320737550671,0.0,0.0,0.0,0.0,0.0,12.770025741181135,16.81048269617647,0.0,0.0,0.0,0.0,0.0,10.910735920895274,10.265016796438564,0.0,0.0,0.0,0.0,0.0,5.842974628561651,26.567098458760075,0.0,0.0,0.0,0.0,0.0,2.893748631842695,4.15654154590393,0.0,0.0,0.0,0.0,0.0,7.778954195473705
48,0.5281800820949648,2.50563820614738,0.0,0.0,0.0,0.0,0.0,0.9875833022576025,0.0,0.0,0.0,0.0,0.0,0.6131402637145621,3.682724377272091,0.0,0.0,0.0,0.0,0.0,17.790801636468508,1.5618588525267456,0.0,0.0,0.0,0.0,0.0,6.004777983320999,2.9190996079226883,0.0,0.0,0.0,0.0,0.0,5.875448258179604,10.336471426722568,0.0,0.0,0.0,0.0,0.0,77.52502340769387,3.428483213505419,0.0,0.0,0.0,0.0,0.0,2.5151851912808327,8.301006075439664,0.0,0.0,0.0,0.0,0.0,5.458814457744342,9.858024984502594,0.0,0.0,0.0,0.0,0.0,6.502113684030756,13.845600445925895,0.0,0.0,0.0,0.0,0.0,14.61812806369937,7.553843871106259,0.0,0.0,0.0,0.0,0.0,39.048510406870854,6.536699909163389,0.0,0.0,0.0,0.0,0.0,5.991830082475146,9.744458651481185,0.0,0.0,0.0,0.0,0.0,7.322755740021018,64.7098713890372,0.0,0.0,0.0,0.0,0.0,3.304554951459136,35.493121483809716,0.0,0.0,0.0,0.0,0.0,19.749202040010854,34.265530879167294,0.0,0.0,0.0,0.0,0.0,28.859622463336844,6.25556857841832,0.0,0.0,0.0,0.0,0.0,11.371855437046538
49,0.9091847272622826,12.992085865249244,0.0,0.0,0.0,0.0,0.0,0.5869114244208657,0.0,0.0,0.0,0.0,0.0,1.2003023903120658,1.034519619128744,0.0,0.0,0.0,0.0,0.0,1.886519693443688,1.2737485930451864,0.0,0.0,0.0,0.0,0.0,2.2665079869532603,0.10201556404403009,0.0,0.0,0.0,0.0,0.0,3.041695127977646,7.832258320057781,0.0,0.0,0.0,0.0,0.0,9.465768865907497,1.6325442105623678,0.0,0.0,0.0,0.0,0.0,9.02892914352795,3.7845650513493734,0.0,0.0,0.0,0.0,0.0,3.3365511193387367,4.538880768490194,0.0,0.0,0.0,0.0,0.0,2.819949289879643,11.046959305634045,0.0,0.0,0.0,0.0,0.0,9.506453600176101,4.517934781273395,0.0,0.0,0.0,0.0,0.0,10.313492928369866,11.223851864576089,0.0,0.0,0.0,0.0,0.0,5.269034425444552,22.80599063935468,0.0,0.0,0.0,0.0,0.0,26.5040788790067,12.917441929993487,0.0,0.0,0.0,0.0,0.0,5.508482566897338,5.170707134074817,0.0,0.0,0.0,0.0,0.0,17.561117768144655,43.1102046744596,0.0,0.0,0.0,0.0,0.0,10.934479498155255,3.668310753847523,0.0,0.0,0.0,0.0,0.0,6.159243042280635
50,4.091420403977166,2.9308321681193497,0.0,0.0,0.0,0.0,0.0,0.8797951432640058,0.0,0.0,0.0,0.0,0.0,0.44634374699211915,1.3410115679121235,0.0,0.0,0.0,0.0,0.0,1.1363201556399176,1.4857040441656622,0.0,0.0,0.0,0.0,0.0,2.2337136851274626,0.4692584943863671,0.0,0.0,0.0,0.0,0.0,1.044206616747214,12.337084262142403,0.0,0.0,0.0,0.0,0.0,23.756982130811988,0.7467181913659876,0.0,0.0,0.0,0.0,0.0,2.5018918438583015,3.471623014731952,0.0,0.0,0.0,0.0,0.0,9.623593584176298,4.43640474439219,0.0,0.0,0.0,0.0,0.0,4.115446861153317,10.799870663843743,0.0,0.0,0.0,0.0,0.0,19.671903368334068,5.219019372585822,0.0,0.0,0.0,0.0,0.0,46.30585605430255,9.37155072234869,0.0,0.0,0.0,0.0,0.0,8.419745525677174,10.258179528879882,0.0,0.0,0.0,0.0,0.0,0.6820969086271285,14.825354242888944,0.0,0.0,0.0,0.0,0.0,256.46021202408207,14.432545584565165,0.0,0.0,0.0,0.0,0.0,63.00046311440327,31.916581912831997,0.0,0.0,0.0,0.0,0.0,12.487925523737227,4.947179561198365,0.0,0.0,0.0,0.0,0.0,16.406803982843865
51,0.05104168918923488,2.7423210437965344,0.0,0.0,0.0,0.0,0.0,0.5486362729010683,0.0,0.0,0.0,0.0,0.0,1.272141828608585,1.3978218527865165,0.0,0.0,0.0,0.0,0.0,0.17271833134973852,1.5062330103577104,0.0,0.0,0.0,0.0,0.0,11.679987072464824,0.1306538077987589,0.0,0.0,0.0,0.0,0.0,3.5239770247698736,7.019802623999698,0.0,0.0,0.0,0.0,0.0,16.805191333927556,1.1280588022831555,0.0,0.0,0.0,0.0,0.0,9.376234344705853,7.102080340912886,0.0,0.0,0.0,0.0,0.0,6.690209467069468,6.015283473324824,0.0,0.0,0.0,0.0,0.0,29.208499892425074,12.245373736595225,0.0,0.0,0.0,0.0,0.0,0.23416644783773638,4.395887358887232,0.0,0.0,0.0,0.0,0.0,8.290838149035352,7.926954721236413,0.0,0.0,0.0,0.0,0.0,8.338849325617058,10.174783902133905,0.0,0.0,0.0,0.0,0.0,1.0057783635896682,19.56377174270108,0.0,0.0,0.0,0.0,0.0,20.5034208090129,5.085700834058316,0.0,0.0,0.0,0.0,0.0,23.746307096344697,21.306978223308107,0.0,0.0,0.0,0.0,0.0,2.561436084512314,4.753026857087517,0.0,0.0,0.0,0.0,0.0,4.0111297464870335
52,0.42120509137393347,2.6428072447689117,0.0,0.0,0.0,0.0,0.0,0.46328846463829143,0.0,0.0,0.0,0.0,0.0,0.5926488186133535,0.8614033335516311,0.0,0.0,0.0,0.0,0.0,0.22452922839163714,1.0570424655461352,0.0,0.0,0.0,0.0,0.0,28.717654333584164,0.32393390640043673,0.0,0.0,0.0,0.0,0.0,1.7441659298862695,7.942113933897792,0.0,0.0,0.0,0.0,0.0,6.1209244865992805,2.109500503611831,0.0,0.0,0.0,0.0,0.0,2.6012644015114423,2.9681434246551497,0.0,0.0,0.0,0.0,0.0,11.789704445321341,5.1962173841911365,0.0,0.0,0.0,0.0,0.0,0.9152688890282685,12.45739841274605,0.0,0.0,0.0,0.0,0.0,3.0110085342464483,4.767486628400365,0.0,0.0,0.0,0.0,0.0,6.30172857169306,5.8977180598526235,0.0,0.0,0.0,0.0,0.0,3.243810881987813,10.226448600764153,0.0,0.0,0.0,0.0,0.0,4.625319872222727,19.55317132555191,0.0,0.0,0.0,0.0,0.0,9.292114424013556,8.118439347689664,0.0,0.0,0.0,0.0,0.0,39.495661389213524,25.080107126589045,0.0,0.0,0.0,0.0,0.0,16.45241971706559,6.89841392644682,0.0,0.0,0.0,0.0,0.0,3.1319994468980075
53,0.12783646121031858,5.174911793918527,0.0,0.0,0.0,0.0,0.0,1.7124873752766532,0.0,0.0,0.0,0.0,0.0,1.4713905956521929,0.5857124232681359,0.0,0.0,0.0,0.0,0.0,0.3042868028071032,4.564912911067212,0.0,0.0,0.0,0.0,0.0,1.0715990983592922,2.313762742557934,0.0,0.0,0.0,0.0,0.0,0.6814290460708555,7.392513361480606,0.0,0.0,0.0,0.0,0.0,22.76664977233289,5.821750977680489,0.0,0.0,0.0,0.0,0.0,107.18387542033952,3.4985091020232324,0.0,0.0,0.0,0.0,0.0,0.8317167229268263,4.958599723143348,0.0,0.0,0.0,0.0,0.0,31.289345823656944,11.155314539571455,0.0,0.0,0.0,0.0,0.0,7.106485093051383,21.033049831683908,0.0,0.0,0.0,0.0,0.0,1.8359675625342489,7.076527240852265,0.0,0.0,0.0,0.0,0.0,4.161776442865217,15.123204721745553,0.0,0.0,0.0,0.0,0.0,14.311033799840903,29.238335628726485,0.0,0.0,0.0,0.0,0.0,20.27492588829694,27.523852878101422,0.0,0.0,0.0,0.0,0.0,9.847596622080367,30.096922338689943,0.0,0.0,0.0,0.0,0.0,42.07240371266357,9.572014337695554,0.0,0.0,0.0,0.0,0.0,5.096396176466479
54,6.204732580971278,9.53285094722132,0.0,0.0,0.0,0.0,0.0,0.5565730808101615,0.0,0.0,0.0,0.0,0.0,2.043241176701735,0.47883319878880304,0.0,0.0,0.0,0.0,0.0,0.4497819382999473,1.1875454115774426,0.0,0.0,0.0,0.0,0.0,14.83483928676302,0.09320479953958048,0.0,0.0,0.0,0.0,0.0,0.3281240543935949,10.046851366658522,0.0,0.0,0.0,0.0,0.0,30.12816716766421,1.8991533478918443,0.0,0.0,0.0,0.0,0.0,2.1500100777995383,3.0759292611224742,0.0,0.0,0.0,0.0,0.0,18.445176130967333,4.810400045789868,0.0,0.0,0.0,0.0,0.0,3.7731441560504195,11.714731712194121,0.0,0.0,0.0,0.0,0.0,0.40618453660267617,3.903665537674386,0.0,0.0,0.0,0.0,0.0,9.795192267781617,8.73054637387326,0.0,0.0,0.0,0.0,0.0,6.027912003540183,5.597959301968274,0.0,0.0,0.0,0.0,0.0,1.8166048899716525,25.110817621083022,0.0,0.0,0.0,0.0,0.0,30.423061516023342,7.5613148299002715,0.0,0.0,0.0,0.0,0.0,3.936093922620411,31.91545803772878,0.0,0.0,0.0,0.0,0.0,6.595481492898982,4.120278393127362,0.0,0.0,0.0,0.0,0.0,13.672740913778725
55,2.4958566317959585,14.269452088560106,0.0,0.0,0.0,0.0,0.0,0.7158135206798734,0.0,0.0,0.0,0.0,0.0,1.4050079414341436,1.8882473986433552,0.0,0.0,0.0,0.0,0.0,2.9957512270362145,1.1443630566726284,0.0,0.0,0.0,0.0,0.0,1.23554732395438,0.24106230073651377,0.0,0.0,0.0,0.0,0.0,0.4450562420241709,8.91869288346296,0.0,0.0,0.0,0.0,0.0,8.291095146129118,1.4419819514715995,0.0,0.0,0.0,0.0,0.0,12.201021339091653,3.8141487159619687,0.0,0.0,0.0,0.0,0.0,1.0516879561152173,5.308670086783969,0.0,0.0,0.0,0.0,0.0,0.48374027260930635,11.509803386266697,0.0,0.0,0.0,0.0,0.0,1.1453484046433853,4.157839271663613,0.0,0.0,0.0,0.0,0.0,1.0356361065636448,9.43872052841989,0.0,0.0,0.0,0.0,0.0,9.18979348301638,15.207937414469594,0.0,0.0,0.0,0.0,0.0,2.191031451857234,13.016862237595348,0.0,0.0,0.0,0.0,0.0,3.4126311162817826,11.709292058336413,0.0,0.0,0.0,0.0,0.0,5.657716476232504,16.61299454317059,0.0,0.0,0.0,0.0,0.0,6.693263424968277,3.6453537651866625,0.0,0.0,0.0,0.0,0.0,3.0077521170519956
56,8.757748393042721,3.7485320365796357,0.0,0.0,0.0,0.0,0.0,0.8340169511629885,0.0,0.0,0.0,0.0,0.0,1.0973200722325673,0.950946919224194,0.0,0.0,0.0,0.0,0.0,0.4130993459962079,2.268828079084946,0.0,0.0,0.0,0.0,0.0,10.09958739547255,0.22218008075859713,0.0,0.0,0.0,0.0,0.0,1.1836109347381476,8.669989970259678,0.0,0.0,0.0,0.0,0.0,9.797533923713107,0.8725633050999263,0.0,0.0,0.0,0.0,0.0,0.47943014673651546,3.3872321184986016,0.0,0.0,0.0,0.0,0.0,38.756794703496126,4.790864659598333,0.0,0.0,0.0,0.0,0.0,10.950786957085018,11.234690916666503,0.0,0.0,0.0,0.0,0.0,1.507076500602506,3.94612230371811,0.0,0.0,0.0,0.0,0.0,2.7360656162747174,9.240084476887363,0.0,0.0,0.0,0.0,0.0,5.741790047382352,13.982473542351007,0.0,0.0,0.0,0.0,0.0,2.5927487083991023,16.869782867008762,0.0,0.0,0.0,0.0,0.0,7.835038922091323,4.900997411877739,0.0,0.0,0.0,0.0,0.0,43.54961940431369,20.75451830900672,0.0,0.0,0.0,0.0,0.0,118.02113816355225,3.97476243440172,0.0,0.0,0.0,0.0,0.0,4.695683575823235
57,6.38928172739338,2.6781876497937684,0.0,0.0,0.0,0.0,0.0,1.2928261577250115,0.0,0.0,0.0,0.0,0.0,0.28206024039767547,0.8878455926255892,0.0,0.0,0.0,0.0,0.0,0.2217131790983447,1.1641198521711886,0.0,0.0,0.0,0.0,0.0,6.381279369414913,0.2898291579582405,0.0,0.0,0.0,0.0,0.0,4.457246826010194,9.86400256490194,0.0,0.0,0.0,0.0,0.0,1.7623021995291972,2.1000777687768695,0.0,0.0,0.0,0.0,0.0,4.9060375550797435,3.6979471957432835,0.0,0.0,0.0,0.0,0.0,0.6327194594481231,6.765447039946041,0.0,0.0,0.0,0.0,0.0,0.20377681562429617,11.009684139330318,0.0,0.0,0.0,0.0,0.0,22.900048664582755,3.9868185119452444,0.0,0.0,0.0,0.0,0.0,9.757985625418659,5.254148769197184,0.0,0.0,0.0,0.0,0.0,4.0711151011040885,7.180990266396202,0.0,0.0,0.0,0.0,0.0,3.2394863375468086,25.41279179554582,0.0,0.0,0.0,0.0,0.0,8.601741547528373,6.658659938988,0.0,0.0,0.0,0.0,0.0,10.201990740695173,17.76235732530455,0.0,0.0,0.0,0.0,0.0,8.628043799129333,3.9247836454924143,0.0,0.0,0.0,0.0,0.0,6.408277664711914
58,8.337690634625162,3.6758268025201257,0.0,0.0,0.0,0.0,0.0,0.5211266153748134,0.0,0.0,0.0,0.0,0.0,3.8435552537124344,0.49572269477205333,0.0,0.0,0.0,0.0,0.0,1.196628466418631,1.1989018585429314,0.0,0.0,0.0,0.0,0.0,15.38573635060856,0.6514596021461762,0.0,0.0,0.0,0.0,0.0,0.3558336894701016,9.528685410763057,0.0,0.0,0.0,0.0,0.0,8.585459470638307,0.8891632075960723,0.0,0.0,0.0,0.0,0.0,4.3693727632233585,5.741250088497219,0.0,0.0,0.0,0.0,0.0,18.420571302120536,5.131818439895976,0.0,0.0,0.0,0.0,0.0,12.095291172314385,10.80208196153368,0.0,0.0,0.0,0.0,0.0,5.921644198811714,4.162686928581949,0.0,0.0,0.0,0.0,0.0,5.462836525947295,23.93034961318625,0.0,0.0,0.0,0.0,0.0,60.90142488678992,12.61538003972079,0.0,0.0,0.0,0.0,0.0,2.336723200774199,15.19139373696682,0.0,0.0,0.0,0.0,0.0,70.50176785162495,4.900274215607623,0.0,0.0,0.0,0.0,0.0,42.5585999893178,18.97165862812555,0.0,0.0,0.0,0.0,0.0,5.306370582919567,4.195576351869702,0.0,0.0,0.0,0.0,0.0,5.810521971808574
59,1.9076332292237326,3.4557541822047386,0.0,0.0,0.0,0.0,0.0,1.471815110378855,0.0,0.0,0.0,0.0,0.0,1.5028031857933832,0.7498104845661022,0.0,0.0,0.0,0.0,0.0,3.0707510668273956,3.6017443975979035,0.0,0.0,0.0,0.0,0.0,1.8109059110418635,0.5279593302943574,0.0,0.0,0.0,0.0,0.0,1.3702017308205288,12.99507825771401,0.0,0.0,0.0,0.0,0.0,16.726053413028673,0.7632370200782389,0.0,0.0,0.0,0.0,0.0,12.470568457384998,8.271398992999684,0.0,0.0,0.0,0.0,0.0,22.640306808961626,6.266240833597641,0.0,0.0,0.0,0.0,0.0,1.4520772172191483,22.495635840478386,0.0,0.0,0.0,0.0,0.0,0.7144164121052737,7.022068639177324,0.0,0.0,0.0,0.0,0.0,4.471246357720019,11.699716132229616,0.0,0.0,0.0,0.0,0.0,1.5843354030420194,11.303145760521616,0.0,0.0,0.0,0.0,0.0,9.41453878454362,35.236375496686236,0.0,0.0,0.0,0.0,0.0,8.144813854304779,32.73819121612864,0.0,0.0,0.0,0.0,0.0,107.01802787075792,43.837499462196874,0.0,0.0,0.0,0.0,0.0,68.79340693650676,7.881688802750731,0.0,0.0,0.0,0.0,0.0,18.222412974778383
60,24.378871989069793,4.10344247545681,0.0,0.0,0.0,0.0,0.0,2.918374274180634,0.0,0.0,0.0,0.0,0.0,1.262703732065882,0.5413634229553804,0.0,0.0,0.0,0.0,0.0,0.9416433430189219,1.7322487197920442,0.0,0.0,0.0,0.0,0.0,0.30867521020460026,0.18109156553680023,0.0,0.0,0.0,0.0,0.0,1.2292524824455258,9.890625161122003,0.0,0.0,0.0,0.0,0.0,12.80077713987966,1.6120081588438315,0.0,0.0,0.0,0.0,0.0,21.96949450409939,5.977347169216845,0.0,0.0,0.0,0.0,0.0,31.70252921348195,5.561077865921393,0.0,0.0,0.0,0.0,0.0,18.714564391391608,11.042591750802593,0.0,0.0,0.0,0.0,0.0,12.548517296439623,4.5612337385075215,0.0,0.0,0.0,0.0,0.0,8.853888890481118,11.840928973659988,0.0,0.0,0.0,0.0,0.0,0.721959653782037,18.81815759190734,0.0,0.0,0.0,0.0,0.0,0.6632345740362198,20.15559736532068,0.0,0.0,0.0,0.0,0.0,11.958462200882176,10.37698035699132,0.0,0.0,0.0,0.0,0.0,25.67690251169794,21.049857330413857,0.0,0.0,0.0,0.0,0.0,31.87588905742691,5.686389951569571,0.0,0.0,0.0,0.0,0.0,3.8952451139617175
61,1.5853742747671402,2.9203477317037976,0.0,0.0,0.0,0.0,0.0,0.8919765707368522,0.0,0.0,0.0,0.0,0.0,7.007423563674117,1.11809511630123,0.0,0.0,0.0,0.0,0.0,4.148176549287378,2.6189469374936363,0.0,0.0,0.0,0.0,0.0,7.570489570253375,0.9480844999913307,0.0,0.0,0.0,0.0,0.0,4.011836984826359,11.660337125113827,0.0,0.0,0.0,0.0,0.0,5.657043867459594,2.6847081618627877,0.0,0.0,0.0,0.0,0.0,1.8251668971384831,8.318173576990203,0.0,0.0,0.0,0.0,0.0,16.957878343712693,7.89601086333918,0.0,0.0,0.0,0.0,0.0,0.4833180817303834,14.395301164767984,0.0,0.0,0.0,0.0,0.0,0.9406633816058877,6.793535850889838,0.0,0.0,0.0,0.0,0.0,4.1025361854535065,6.0683793405540705,0.0,0.0,0.0,0.0,0.0,3.6672665768105195,10.92775024106235,0.0,0.0,0.0,0.0,0.0,14.66382682606897,40.254060455911095,0.0,0.0,0.0,0.0,0.0,13.762764599659254,46.85104280052112,0.0,0.0,0.0,0.0,0.0,15.314178523976132,24.54900231561942,0.0,0.0,0.0,0.0,0.0,19.998555393303285,5.3674395945948925,0.0,0.0,0.0,0.0,0.0,11.380621484223992
62,34.632663443359846,7.349995045014803,0.0,0.0,0.0,0.0,0.0,1.2054847792088224,0.0,0.0,0.0,0.0,0.0,1.496664658157658,0.4939115680584203,0.0,0.0,0.0,0.0,0.0,1.5532679608959854,1.666685569363527,0.0,0.0,0.0,0.0,0.0,4.700023522366077,0.14888769880299915,0.0,0.0,0.0,0.0,0.0,4.011131546288828,12.492401159014968,0.0,0.0,0.0,0.0,0.0,87.26320632665322,3.013487567797722,0.0,0.0,0.0,0.0,0.0,7.549717383071842,5.783217873200426,0.0,0.0,0.0,0.0,0.0,50.98873841861639,6.283727549222178,0.0,0.0,0.0,0.0,0.0,1.2606019613729658,13.7999381885417,0.0,0.0,0.0,0.0,0.0,11.891306849654107,4.96990997837523,0.0,0.0,0.0,0.0,0.0,35.2607612258656,8.350704064512886,0.0,0.0,0.0,0.0,0.0,16.771620635352832,13.086696340461637,0.0,0.0,0.0,0.0,0.0,17.217951461098643,26.17983018227244,0.0,0.0,0.0,0.0,0.0,79.39386531427027,20.39403235999647,0.0,0.0,0.0,0.0,0.0,47.183739520215326,23.024740922690064,0.0,0.0,0.0,0.0,0.0,7.00872096540708,3.9861646179047745,0.0,0.0,0.0,0.0,0.0,4.055876448867309
63,0.12997286168145702,4.050843622855441,0.0,0.0,0.0,0.0,0.0,0.8698125182152893,0.0,0.0,0.0,0.0,0.0,1.2700970104718146,0.5392071763344569,0.0,0.0,0.0,0.0,0.0,3.0242545058850694,1.0974441682115457,0.0,0.0,0.0,0.0,0.0,0.6518328985557665,0.6259382588532629,0.0,0.0,0.0,0.0,0.0,1.3989542735416618,8.559202943195848,0.0,0.0,0.0,0.0,0.0,96.50343360811551,2.4604143282537816,0.0,0.0,0.0,0.0,0.0,2.477298313151878,3.662925968285718,0.0,0.0,0.0,0.0,0.0,278.5943541096591,4.973073862392964,0.0,0.0,0.0,0.0,0.0,137.17026484437835,10.526736096112048,0.0,0.0,0.0,0.0,0.0,0.23035323467613963,6.397911591556936,0.0,0.0,0.0,0.0,0.0,6.8701253473276305,10.701770491842513,0.0,0.0,0.0,0.0,0.0,3.157322390057361,9.745275696800762,0.0,0.0,0.0,0.0,0.0,16.277579660867126,12.769692101304033,0.0,0.0,0.0,0.0,0.0,17.60874091750577,5.711618557329923,0.0,0.0,0.0,0.0,0.0,2.1188604671233398,19.15400393960028,0.0,0.0,0.0,0.0,0.0,9.977246908628889,6.237398349700656,0.0,0.0,0.0,0.0,0.0,1.1329934533854267
64,6.391197097415533,3.7168015766854836,0.0,0.0,0.0,0.0,0.0,1.2267136221568913,0.0,0.0,0.0,0.0,0.0,0.432660944467323,1.5910342288003385,0.0,0.0,0.0,0.0,0.0,0.09046254281352975,1.1862199058032217,0.0,0.0,0.0,0.0,0.0,7.859997772392958,0.40549536198370606,0.0,0.0,0.0,0.0,0.0,0.33274002221564675,8.340623826928677,0.0,0.0,0.0,0.0,0.0,2.4728473947451266,1.6441601776574428,0.0,0.0,0.0,0.0,0.0,77.16075499126507,6.297656247722827,0.0,0.0,0.0,0.0,0.0,2.313563315460364,6.280085995150211,0.0,0.0,0.0,0.0,0.0,0.29124134939559965,12.244556559713574,0.0,0.0,0.0,0.0,0.0,8.099638604533299,11.133261826048884,0.0,0.0,0.0,0.0,0.0,52.172996776372145,8.913010630167989,0.0,0.0,0.0,0.0,0.0,4.416962403108454,18.636791306552784,0.0,0.0,0.0,0.0,0.0,5.697786300488138,11.01654616035049,0.0,0.0,0.0,0.0,0.0,7.526973170445148,8.935441070566679,0.0,0.0,0.0,0.0,0.0,31.316783439663332,58.99636073174499,0.0,0.0,0.0,0.0,0.0,30.316210664535202,7.066764167734693,0.0,0.0,0.0,0.0,0.0,10.67415349165545
65,5.5111271957319445,5.202193951778765,0.0,0.0,0.0,0.0,0.0,0.7304025589843487,0.0,0.0,0.0,0.0,0.0,0.9767664509515025,0.642134600112331,0.0,0.0,0.0,0.0,0.0,0.11920181427934531,1.4267350549986655,0.0,0.0,0.0,0.0,0.0,2.656593951534292,0.7027973293444547,0.0,0.0,0.0,0.0,0.0,0.4159064237031106,7.105653266952835,0.0,0.0,0.0,0.0,0.0,2.956838034390972,1.110418912225705,0.0,0.0,0.0,0.0,0.0,11.403784884384363,3.248936377058511,0.0,0.0,0.0,0.0,0.0,11.381032093729136,4.910892222941955,0.0,0.0,0.0,0.0,0.0,38.869580263200106,11.643738447156586,0.0,0.0,0.0,0.0,0.0,0.4135314419978075,4.681152879024567,0.0,0.0,0.0,0.0,0.0,54.69580145294222,9.169025334078095,0.0,0.0,0.0,0.0,0.0,3.3634722558566907,14.77466325964067,0.0,0.0,0.0,0.0,0.0,7.162261747862962,22.375593337790832,0.0,0.0,0.0,0.0,0.0,10.01763777177776,9.927215751658704,0.0,0.0,0.0,0.0,0.0,27.662672873693754,22.15929975346385,0.0,0.0,0.0,0.0,0.0,10.451065259268935,4.34849838524447,0.0,0.0,0.0,0.0,0.0,2.6595610323562804
66,44.027023769731045,7.7337386527056635,0.0,0.0,0.0,0.0,0.0,0.6690878772901042,0.0,0.0,0.0,0.0,0.0,0.6110695683903825,0.6514770231433368,0.0,0.0,0.0,0.0,0.0,2.541325141481295,2.3945887611474848,0.0,0.0,0.0,0.0,0.0,0.6253718220463178,0.08910941674854561,0.0,0.0,0.0,0.0,0.0,0.6338773892515333,14.844858514425319,0.0,0.0,0.0,0.0,0.0,102.95094009172726,1.9031635045943853,0.0,0.0,0.0,0.0,0.0,0.932890211403973,5.977423488198756,0.0,0.0,0.0,0.0,0.0,30.86337675495086,8.636900702879052,0.0,0.0,0.0,0.0,0.0,79.91585115124856,16.685536361019768,0.0,0.0,0.0,0.0,0.0,0.031064542293760464,7.3113683742220195,0.0,0.0,0.0,0.0,0.0,0.7571478076945166,29.376827901522585,0.0,0.0,0.0,0.0,0.0,13.286513019634887,23.327235164493196,0.0,0.0,0.0,0.0,0.0,1.190920429536869,22.76016229336343,0.0,0.0,0.0,0.0,0.0,15.593167625346144,5.5125051165533465,0.0,0.0,0.0,0.0,0.0,5.199319499813612,29.1691591082733,0.0,0.0,0.0,0.0,0.0,2.3295821041869296,8.18779834239575,0.0,0.0,0.0,0.0,0.0,1.9772503804712738
67,0.7229424296144027,2.5815380308596625,0.0,0.0,0.0,0.0,0.0,0.6804185158984662,0.0,0.0,0.0,0.0,0.0,1.0007130367245256,0.49953431527028036,0.0,0.0,0.0,0.0,0.0,0.5604110828882194,1.1980040853130631,0.0,0.0,0.0,0.0,0.0,1.2764824992331847,0.11375322026216184,0.0,0.0,0.0,0.0,0.0,0.26484216245092884,6.896124989236772,0.0,0.0,0.0,0.0,0.0,13.626186326373283,1.0058056326937395,0.0,0.0,0.0,0.0,0.0,1.5672781200743058,3.8072596813480546,0.0,0.0,0.0,0.0,0.0,13.810096343539163,4.683035767798728,0.0,0.0,0.0,0.0,0.0,3.852587070480708,11.964288019777785,0.0,0.0,0.0,0.0,0.0,2.440683494275131,4.512768797224651,0.0,0.0,0.0,0.0,0.0,17.122793246962168,9.615205501068502,0.0,0.0,0.0,0.0,0.0,13.647534210676548,15.678248399914574,0.0,0.0,0.0,0.0,0.0,3.4097707794121086,14.275948002922291,0.0,0.0,0.0,0.0,0.0,15.175119686831602,4.722805025140724,0.0,0.0,0.0,0.0,0.0,3.4694416461973945,39.77591700598888,0.0,0.0,0.0,0.0,0.0,5.08919826215117,5.443718580164107,0.0,0.0,0.0,0.0,0.0,4.822124910737205
68,13.79005784900858,2.8998308055137447,0.0,0.0,0.0,0.0,0.0,0.6230559671298331,0.0,0.0,0.0,0.0,0.0,0.631589721231638,1.0832876239379359,0.0,0.0,0.0,0.0,0.0,2.0250125056459196,1.1148746500748332,0.0,0.0,0.0,0.0,0.0,9.358187259433992,0.5068250211796022,0.0,0.0,0.0,0.0,0.0,0.16565585354993462,10.071875701200787,0.0,0.0,0.0,0.0,0.0,17.48111017823332,2.2215742577623914,0.0,0.0,0.0,0.0,0.0,1.9932337962150815,5.224759750191643,0.0,0.0,0.0,0.0,0.0,2.341318307378025,5.565918832014689,0.0,0.0,0.0,0.0,0.0,26.762948874072524,14.30275852710548,0.0,0.0,0.0,0.0,0.0,15.546438903379254,6.905964746933337,0.0,0.0,0.0,0.0,0.0,2.785267784637827,10.747103137749509,0.0,0.0,0.0,0.0,0.0,5.301924186801646,21.12035339128635,0.0,0.0,0.0,0.0,0.0,0.4557201160717703,17.26095543733036,0.0,0.0,0.0,0.0,0.0,1.213771099555113,5.404611619413538,0.0,0.0,0.0,0.0,0.0,35.354308545111095,20.652576715038474,0.0,0.0,0.0,0.0,0.0,21.81015116505174,5.7825362485444485,0.0,0.0,0.0,0.0,0.0,10.061831184868549
69,0.3463654468695624,2.696382359327122,0.0,0.0,0.0,0.0,0.0,0.583003216379754,0.0,0.0,0.0,0.0,0.0,1.0423998001791759,0.5464448200531895,0.0,0.0,0.0,0.0,0.0,2.007259989342537,2.685919704954395,0.0,0.0,0.0,0.0,0.0,2.483770124436013,0.5788794956595162,0.0,0.0,0.0,0.0,0.0,1.0153841994980946,11.076382674985744,0.0,0.0,0.0,0.0,0.0,3.118008968743321,4.2743513154561334,0.0,0.0,0.0,0.0,0.0,16.79097679178738,4.525407896709206,0.0,0.0,0.0,0.0,0.0,27.95300167348408,7.223483921163424,0.0,0.0,0.0,0.0,0.0,106.75218380682904,11.040338375690895,0.0,0.0,0.0,0.0,0.0,0.02777039617095747,4.509260797080084,0.0,0.0,0.0,0.0,0.0,27.808209118871492,6.310349108646989,0.0,0.0,0.0,0.0,0.0,10.201063280884249,18.982064671035634,0.0,0.0,0.0,0.0,0.0,2.2590987711269426,15.781437094203648,0.0,0.0,0.0,0.0,0.0,60.73989073287021,20.239829583117928,0.0,0.0,0.0,0.0,0.0,4.358544899786436,37.35245886914014,0.0,0.0,0.0,0.0,0.0,7.095872449928411,4.941528488183299,0.0,0.0,0.0,0.0,0.0,0.7205727583115347
70,3.594842270278024,2.3777561236603377,0.0,0.0,0.0,0.0,0.0,0.6365970075771036,0.0,0.0,0.0,0.0,0.0,2.141655759096739,1.0601419161173466,0.0,0.0,0.0,0.0,0.0,4.329666785205806,1.0849795220563694,0.0,0.0,0.0,0.0,0.0,1.2975245335868433,0.24334212316417284,0.0,0.0,0.0,0.0,0.0,0.42516768435492824,10.533255499221264,0.0,0.0,0.0,0.0,0.0,23.883253352601464,1.2317025857575434,0.0,0.0,0.0,0.0,0.0,0.865791390548775,7.924089215829952,0.0,0.0,0.0,0.0,0.0,2.1479238071464857,12.133030698791213,0.0,0.0,0.0,0.0,0.0,1.4909558367301259,12.090377307834006,0.0,0.0,0.0,0.0,0.0,2.9502497674404617,20.187210047060773,0.0,0.0,0.0,0.0,0.0,0.16182142569053443,5.102714798040173,0.0,0.0,0.0,0.0,0.0,3.753692885168993,10.492540020592099,0.0,0.0,0.0,0.0,0.0,1.5386187062665004,14.283582593361235,0.0,0.0,0.0,0.0,0.0,8.087409185947305,6.193271315095663,0.0,0.0,0.0,0.0,0.0,17.60798680448484,41.17291132824689,0.0,0.0,0.0,0.0,0.0,133.80437325201996,8.845310558952574,0.0,0.0,0.0,0.0,0.0,14.698596620029598
71,1.4220210117006902,4.635540461111132,0.0,0.0,0.0,0.0,0.0,0.5689045657708577,0.0,0.0,0.0,0.0,0.0,4.236092117398712,1.0173217571472313,0.0,0.0,0.0,0.0,0.0,3.2263540051052138,1.1564635130579437,0.0,0.0,0.0,0.0,0.0,4.734061344000442,0.4936254581054571,0.0,0.0,0.0,0.0,0.0,0.18436630825291764,8.033472105959264,0.0,0.0,0.0,0.0,0.0,22.93391720771589,1.0659818763844349,0.0,0.0,0.0,0.0,0.0,4.261707715238486,6.28780496581451,0.0,0.0,0.0,0.0,0.0,12.249493272810748,5.03729168948491,0.0,0.0,0.0,0.0,0.0,0.38325949655819563,12.540695841680064,0.0,0.0,0.0,0.0,0.0,11.10679865735882,6.276207729169328,0.0,0.0,0.0,0.0,0.0,2.847365552081307,11.628455601180935,0.0,0.0,0.0,0.0,0.0,6.68863089076637,14.8884889498692,0.0,0.0,0.0,0.0,0.0,5.310536328708822,12.171500750407107,0.0,0.0,0.0,0.0,0.0,28.79056467757121,4.6988420498942185,0.0,0.0,0.0,0.0,0.0,8.981957151612805,20.920906827089407,0.0,0.0,0.0,0.0,0.0,0.6864385198844271,4.740582598574032,0.0,0.0,0.0,0.0,0.0,42.45856443529902
72,3.9629254303965493,6.879291424657301,0.0,0.0,0.0,0.0,0.0,2.4060539731362147,0.0,0.0,0.0,0.0,0.0,0.4276606480881304,3.5263547364295005,0.0,0.0,0.0,0.0,0.0,3.939545995683529,1.4313497482993929,0.0,0.0,0.0,0.0,0.0,3.512318961070077,0.1838539971633683,0.0,0.0,0.0,0.0,0.0,1.6210328377239693,8.56756184553283,0.0,0.0,0.0,0.0,0.0,32.556865858847814,1.1974449784187535,0.0,0.0,0.0,0.0,0.0,0.13707006478413725,3.370274728485473,0.0,0.0,0.0,0.0,0.0,28.98028702720657,5.520795505964659,0.0,0.0,0.0,0.0,0.0,14.393859332424359,12.44976155467984,0.0,0.0,0.0,0.0,0.0,2.1507123871720197,6.1262516978702015,0.0,0.0,0.0,0.0,0.0,1.2450684667694272,9.306201278318747,0.0,0.0,0.0,0.0,0.0,1.2021444575170877,10.329777266658345,0.0,0.0,0.0,0.0,0.0,0.10248956295008813,12.11350188072758,0.0,0.0,0.0,0.0,0.0,1.939410207613184,4.2133942465129754,0.0,0.0,0.0,0.0,0.0,17.344645891621024,20.018838623208598,0.0,0.0,0.0,0.0,0.0,6.891191843141641,7.724812469900879,0.0,0.0,0.0,0.0,0.0,5.123266175587986
73,4.213775680661028,9.048701934720706,0.0,0.0,0.0,0.0,0.0,0.6347463300803957,0.0,0.0,0.0,0.0,0.0,0.3642242374556657,1.1221929962947899,0.0,0.0,0.0,0.0,0.0,2.3570613620965037,1.1463051574576322,0.0,0.0,0.0,0.0,0.0,0.33954754904844275,0.48569916102196004,0.0,0.0,0.0,0.0,0.0,0.10599660090305575,8.969309850462931,0.0,0.0,0.0,0.0,0.0,2.3014477747067237,1.2329031360552738,0.0,0.0,0.0,0.0,0.0,3.1981997562045974,3.0237094009662013,0.0,0.0,0.0,0.0,0.0,1.1589775808258804,5.440929738548987,0.0,0.0,0.0,0.0,0.0,19.07935327212954,11.006514785329843,0.0,0.0,0.0,0.0,0.0,0.5324656644560422,7.294582867179807,0.0,0.0,0.0,0.0,0.0,13.315713923933956,12.710762317357302,0.0,0.0,0.0,0.0,0.0,1.254076086124461,13.75522700002807,0.0,0.0,0.0,0.0,0.0,5.965552710098692,14.397362437522194,0.0,0.0,0.0,0.0,0.0,8.156121501664233,7.398476412549414,0.0,0.0,0.0,0.0,0.0,1.598640848052789,86.28417395688003,0.0,0.0,0.0,0.0,0.0,5.410225980858021,5.361235949523704,0.0,0.0,0.0,0.0,0.0,5.961721040885581
74,6.80700139912358,15.602943829223868,0.0,0.0,0.0,0.0,0.0,0.4367897696021558,0.0,0.0,0.0,0.0,0.0,0.03076604038886883,0.7272269441325288,0.0,0.0,0.0,0.0,0.0,0.7246501488718023,1.2129875790196976,0.0,0.0,0.0,0.0,0.0,3.900560252350935,0.4132247878001138,0.0,0.0,0.0,0.0,0.0,1.988250635148336,7.613474895178795,0.0,0.0,0.0,0.0,0.0,1.6997382454150265,0.8885260692922008,0.0,0.0,0.0,0.0,0.0,1.1774964927625462,15.3200131159865,0.0,0.0,0.0,0.0,0.0,2.4437899958662004,8.445752349749327,0.0,0.0,0.0,0.0,0.0,2.4720824607164307,17.410669397315594,0.0,0.0,0.0,0.0,0.0,7.733356796307375,5.519404324930534,0.0,0.0,0.0,0.0,0.0,6.752324839601166,9.787536646650327,0.0,0.0,0.0,0.0,0.0,9.07204542060631,15.434028915674892,0.0,0.0,0.0,0.0,0.0,0.9055666618891817,12.307978915492175,0.0,0.0,0.0,0.0,0.0,8.581794222535812,7.697956661647265,0.0,0.0,0.0,0.0,0.0,2.6002585133861023,30.786839326315743,0.0,0.0,0.0,0.0,0.0,1.3152572693073536,3.7763338712538634,0.0,0.0,0.0,0.0,0.0,5.221220880991874
75,1.2294545424553271,13.852093667339217,0.0,0.0,0.0,0.0,0.0,0.8933222829168521,0.0,0.0,0.0,0.0,0.0,1.8249667753560015,0.4467332874952488,0.0,0.0,0.0,0.0,0.0,0.47197373209769394,1.604457020368391,0.0,0.0,0.0,0.0,0.0,5.194085186851246,0.20620668353400526,0.0,0.0,0.0,0.0,0.0,0.5702550291954265,31.49755716885018,0.0,0.0,0.0,0.0,0.0,28.254061573770976,1.6268987163105655,0.0,0.0,0.0,0.0,0.0,0.45329563062573114,23.30013598709026,0.0,0.0,0.0,0.0,0.0,117.70103787614204,23.79871336111077,0.0,0.0,0.0,0.0,0.0,4.588319450051819,17.250561401456935,0.0,0.0,0.0,0.0,0.0,0.43610554270007634,14.113923847302086,0.0,0.0,0.0,0.0,0.0,2.0284928200239105,15.960549247987917,0.0,0.0,0.0,0.0,0.0,3.4846188672567404,10.85256666611624,0.0,0.0,0.0,0.0,0.0,0.24244563607593284,16.974633349904163,0.0,0.0,0.0,0.0,0.0,2.1237330717044034,12.954497783555658,0.0,0.0,0.0,0.0,0.0,10.543981181000142,81.44892165895064,0.0,0.0,0.0,0.0,0.0,37.58412639327476,10.948816946437374,0.0,0.0,0.0,0.0,0.0,13.700586165934709
76,5.615731782620483,6.452907340638013,0.0,0.0,0.0,0.0,0.0,0.7326940062430684,0.0,0.0,0.0,0.0,0.0,2.523161705354372,0.5003208147626498,0.0,0.0,0.0,0.0,0.0,0.0453081405866715,1.2748464265419643,0.0,0.0,0.0,0.0,0.0,0.5035667833651293,0.18539814724618192,0.0,0.0,0.0,0.0,0.0,0.1411336964945238,12.352167496058716,0.0,0.0,0.0,0.0,0.0,4.496353862178333,0.9323691113254748,0.0,0.0,0.0,0.0,0.0,2.337748528826175,4.854033697352482,0.0,0.0,0.0,0.0,0.0,0.29829315735339595,4.831084557759498,0.0,0.0,0.0,0.0,0.0,2.3575446222807304,13.547983776940795,0.0,0.0,0.0,0.0,0.0,3.9798369710489507,5.543715726536069,0.0,0.0,0.0,0.0,0.0,3.529291616389753,8.090741377443138,0.0,0.0,0.0,0.0,0.0,0.6903041050185141,16.092848223150185,0.0,0.0,0.0,0.0,0.0,2.586303706078146,14.337708004297701,0.0,0.0,0.0,0.0,0.0,8.414970588979381,7.730331675175333,0.0,0.0,0.0,0.0,0.0,1.9090744373157553,47.22733231201535,0.0,0.0,0.0,0.0,0.0,1.3069459748007706,5.093591552409982,0.0,0.0,0.0,0.0,0.0,6.559031544466917
77,12.463903930889751,2.7232489536882056,0.0,0.0,0.0,0.0,0.0,0.570608628998039,0.0,0.0,0.0,0.0,0.0,1.0051261867646306,3.036018041783534,0.0,0.0,0.0,0.0,0.0,9.950241378403263,1.315385475040173,0.0,0.0,0.0,0.0,0.0,1.9045253198531646,0.26039500052008785,0.0,0.0,0.0,0.0,0.0,2.206420008932361,6.711636069245296,0.0,0.0,0.0,0.0,0.0,3.2983840599374075,2.96184326962823,0.0,0.0,0.0,0.0,0.0,5.793838167368419,4.384335401239938,0.0,0.0,0.0,0.0,0.0,45.88259649313336,8.520750008981265,0.0,0.0,0.0,0.0,0.0,2.0415598899904426,14.72073486821735,0.0,0.0,0.0,0.0,0.0,0.1525944066144905,5.211977679134131,0.0,0.0,0.0,0.0,0.0,0.09014808850877079,5.6220936416885205,0.0,0.0,0.0,0.0,0.0,5.158545782508416,11.368515076345677,0.0,0.0,0.0,0.0,0.0,2.3907788208186944,13.717703681876198,0.0,0.0,0.0,0.0,0.0,24.590576888969345,6.887656781810541,0.0,0.0,0.0,0.0,0.0,13.444945166430134,16.70741713685213,0.0,0.0,0.0,0.0,0.0,15.21279144936943,3.810776892619351,0.0,0.0,0.0,0.0,0.0,9.28327140910681
78,0.2308686868674135,2.6109775813741622,0.0,0.0,0.0,0.0,0.0,0.40939896589207725,0.0,0.0,0.0,0.0,0.0,0.4485062725770819,0.37535876539113305,0.0,0.0,0.0,0.0,0.0,9.684932429404787,1.8544969111376977,0.0,0.0,0.0,0.0,0.0,1.6260487066822689,0.3433617327216309,0.0,0.0,0.0,0.0,0.0,0.2112249877339991,10.452289755528756,0.0,0.0,0.0,0.0,0.0,1.7437264897206546,2.2593719256839644,0.0,0.0,0.0,0.0,0.0,4.929278489183202,8.678238518144129,0.0,0.0,0.0,0.0,0.0,8.572158316196989,11.439723882257663,0.0,0.0,0.0,0.0,0.0,73.42353332212781,24.105914593520293,0.0,0.0,0.0,0.0,0.0,3.639425622222443,5.053078128911136,0.0,0.0,0.0,0.0,0.0,10.411951915765528,16.96247393490524,0.0,0.0,0.0,0.0,0.0,15.654780034324425,5.884117911007598,0.0,0.0,0.0,0.0,0.0,1.3939704237108725,28.122557034937177,0.0,0.0,0.0,0.0,0.0,23.89720135025177,5.063022723553079,0.0,0.0,0.0,0.0,0.0,1.1687064549720707,27.35794815811446,0.0,0.0,0.0,0.0,0.0,15.970925885002744,4.196837957266923,0.0,0.0,0.0,0.0,0.0,7.056078898685045
79,5.72953251852449,6.882697620487358,0.0,0.0,0.0,0.0,0.0,0.381454364542023,0.0,0.0,0.0,0.0,0.0,0.5337905525301975,1.4287962722915977,0.0,0.0,0.0,0.0,0.0,1.0863169096769285,1.3260930696394657,0.0,0.0,0.0,0.0,0.0,2.17798168813403,0.10274017631413532,0.0,0.0,0.0,0.0,0.0,0.9293789062155512,14.190653539914287,0.0,0.0,0.0,0.0,0.0,2.107128333232882,1.2701357309108627,0.0,0.0,0.0,0.0,0.0,1.1391551751112372,3.036370919512784,0.0,0.0,0.0,0.0,0.0,7.905424514543749,4.954844308401002,0.0,0.0,0.0,0.0,0.0,24.14270551931614,12.766929061099596,0.0,0.0,0.0,0.0,0.0,0.2316073244793628,4.26700467495062,0.0,0.0,0.0,0.0,0.0,29.825027297284855,14.964013932529173,0.0,0.0,0.0,0.0,0.0,9.31194904755269,14.148377691233604,0.0,0.0,0.0,0.0,0.0,0.546243714129996,9.356701050293585,0.0,0.0,0.0,0.0,0.0,3.6515095146187604,8.2308361855367,0.0,0.0,0.0,0.0,0.0,5.263178918450004,25.081508255177454,0.0,0.0,0.0,0.0,0.0,2.3764670283414566,7.4569109073661375,0.0,0.0,0.0,0.0,0.0,1.6408805533584585
80,10.566452414937551,9.388861530069825,0.0,0.0,0.0,0.0,0.0,0.783600586130381,0.0,0.0,0.0,0.0,0.0,0.47443505710782147,3.7715995878942796,0.0,0.0,0.0,0.0,0.0,0.062463630292163765,1.3873052079172026,0.0,0.0,0.0,0.0,0.0,10.234656815183127,1.1417051511098473,0.0,0.0,0.0,0.0,0.0,0.581624052388929,6.735504085989778,0.0,0.0,0.0,0.0,0.0,1.8950483817672807,1.5306069418281363,0.0,0.0,0.0,0.0,0.0,3.2133432170716887,7.8798891114324645,0.0,0.0,0.0,0.0,0.0,3.3473755991074476,4.506072056416706,0.0,0.0,0.0,0.0,0.0,22.59860559623019,13.805933603562535,0.0,0.0,0.0,0.0,0.0,16.389068308193593,4.978581647944103,0.0,0.0,0.0,0.0,0.0,28.78711734708007,21.096923768170672,0.0,0.0,0.0,0.0,0.0,29.695135236130792,12.791792431257942,0.0,0.0,0.0,0.0,0.0,5.668926699852584,8.610645482113053,0.0,0.0,0.0,0.0,0.0,24.970525321224493,6.152275982798763,0.0,0.0,0.0,0.0,0.0,13.798791563982935,19.06532552172407,0.0,0.0,0.0,0.0,0.0,7.4763033590946355,6.431330772783898,0.0,0.0,0.0,0.0,0.0,3.320587526492413
81,15.193219099888587,6.54950913286885,0.0,0.0,0.0,0.0,0.0,0.35369985791474634,0.0,0.0,0.0,0.0,0.0,0.9660740904990882,0.3680498960118037,0.0,0.0,0.0,0.0,0.0,0.9489153125105669,1.1299130107956803,0.0,0.0,0.0,0.0,0.0,1.7366872105271545,0.3595505912823703,0.0,0.0,0.0,0.0,0.0,0.15210451785806559,11.47362738138673,0.0,0.0,0.0,0.0,0.0,97.1727197168832,2.2839525052825262,0.0,0.0,0.0,0.0,0.0,2.502193877152917,3.2673134818379532,0.0,0.0,0.0,0.0,0.0,47.50346102280849,8.70640957229597,0.0,0.0,0.0,0.0,0.0,5.812618101306602,13.948398222760337,0.0,0.0,0.0,0.0,0.0,19.285506472650766,5.044605324501577,0.0,0.0,0.0,0.0,0.0,9.26293358795618,8.437316297787465,0.0,0.0,0.0,0.0,0.0,9.703337713602593,13.118003335413658,0.0,0.0,0.0,0.0,0.0,0.37712455109807347,15.958486848577085,0.0,0.0,0.0,0.0,0.0,2.465339527223063,21.34901202736484,0.0,0.0,0.0,0.0,0.0,14.742586857175642,31.04854767210609,0.0,0.0,0.0,0.0,0.0,87.79499832646104,7.165711257120086,0.0,0.0,0.0,0.0,0.0,2.1644562482226846
82,0.03730096968003577,10.167307677973001,0.0,0.0,0.0,0.0,0.0,0.6114260030180916,0.0,0.0,0.0,0.0,0.0,3.551726579189077,0.5767633439733384,0.0,0.0,0.0,0.0,0.0,3.592714997972327,1.3572425316993508,0.0,0.0,0.0,0.0,0.0,0.5397820141553483,0.17270727285006665,0.0,0.0,0.0,0.0,0.0,1.0761682039923017,9.60427331966183,0.0,0.0,0.0,0.0,0.0,0.7628522597935097,2.6460200617882914,0.0,0.0,0.0,0.0,0.0,5.662596134514186,3.266219300895852,0.0,0.0,0.0,0.0,0.0,18.524373330195004,4.808143602785121,0.0,0.0,0.0,0.0,0.0,0.07018360961661597,13.203123573614556,0.0,0.0,0.0,0.0,0.0,0.21924713972672658,5.558312054289614,0.0,0.0,0.0,0.0,0.0,5.335640465400244,5.900483593859891,0.0,0.0,0.0,0.0,0.0,8.384068780263501,17.731369322140562,0.0,0.0,0.0,0.0,0.0,3.857037746188651,14.68506494993881,0.0,0.0,0.0,0.0,0.0,24.584470028095506,11.036438550057692,0.0,0.0,0.0,0.0,0.0,3.0468648537740406,13.441105382505748,0.0,0.0,0.0,0.0,0.0,2.2492050878632797,5.089139523436418,0.0,0.0,0.0,0.0,0.0,2.4690880384772336
83,0.9650878267564691,2.6232992595103077,0.0,0.0,0.0,0.0,0.0,0.5314007199953817,0.0,0.0,0.0,0.0,0.0,0.9823407247211197,0.746608449228514,0.0,0.0,0.0,0.0,0.0,0.898530977461317,1.3649167811695755,0.0,0.0,0.0,0.0,0.0,5.157454395381604,0.20579215683660654,0.0,0.0,0.0,0.0,0.0,1.8464861656023894,7.616155191186516,0.0,0.0,0.0,0.0,0.0,4.379909697032437,1.0565172608652924,0.0,0.0,0.0,0.0,0.0,14.716807430987183,7.623256180956227,0.0,0.0,0.0,0.0,0.0,12.15594863375808,6.440089197090635,0.0,0.0,0.0,0.0,0.0,9.85711662324594,11.86427868646723,0.0,0.0,0.0,0.0,0.0,4.466806738440901,4.521010397431305,0.0,0.0,0.0,0.0,0.0,18.058214401711254,5.858034381189518,0.0,0.0,0.0,0.0,0.0,4.515728733739647,14.136099578963497,0.0,0.0,0.0,0.0,0.0,9.090206665626287,21.027491742360763,0.0,0.0,0.0,0.0,0.0,7.910033141307133,13.121680835335093,0.0,0.0,0.0,0.0,0.0,4.740558206254421,26.30035306707192,0.0,0.0,0.0,0.0,0.0,0.8605397014704742,4.591296329614307,0.0,0.0,0.0,0.0,0.0,20.49066303233503
84,9.434890937621843,7.046082869134478,0.0,0.0,0.0,0.0,0.0,0.8809588198310144,0.0,0.0,0.0,0.0,0.0,1.085067778432587,1.0345835176235516,0.0,0.0,0.0,0.0,0.0,4.9194836259880335,1.3650641189665014,0.0,0.0,0.0,0.0,0.0,1.9197588402483754,0.16701556286206487,0.0,0.0,0.0,0.0,0.0,0.4036389881210668,7.413889969299155,0.0,0.0,0.0,0.0,0.0,33.55595915396089,0.982176432112307,0.0,0.0,0.0,0.0,0.0,8.678382456763462,7.449284069664275,0.0,0.0,0.0,0.0,0.0,1.4819294884005552,5.0836096765259295,0.0,0.0,0.0,0.0,0.0,0.11993179145126626,12.139678967718384,0.0,0.0,0.0,0.0,0.0,2.500546651963557,5.464623713979174,0.0,0.0,0.0,0.0,0.0,19.27684801252397,10.42746256572703,0.0,0.0,0.0,0.0,0.0,9.338560238925426,11.511318084561347,0.0,0.0,0.0,0.0,0.0,0.7350824216424761,19.077463424808506,0.0,0.0,0.0,0.0,0.0,42.04842194676999,3.5428552314656465,0.0,0.0,0.0,0.0,0.0,14.417999974838986,31.34495250363289,0.0,0.0,0.0,0.0,0.0,1.3260984692840156,3.9647468763478955,0.0,0.0,0.0,0.0,0.0,10.757185365376543
85,0.20056165710723473,31.20977481280493,0.0,0.0,0.0,0.0,0.0,3.4054532938087516,0.0,0.0,0.0,0.0,0.0,2.9076026775122696,1.2213377282911295,0.0,0.0,0.0,0.0,0.0,0.5576611563959428,3.2977416514049698,0.0,0.0,0.0,0.0,0.0,2.4185924883456575,0.1620051684119619,0.0,0.0,0.0,0.0,0.0,1.5587926802467038,13.933870739747007,0.0,0.0,0.0,0.0,0.0,14.368596140998191,1.603591750456526,0.0,0.0,0.0,0.0,0.0,8.605920899209488,6.339600808196927,0.0,0.0,0.0,0.0,0.0,23.104607703860133,6.805396417301278,0.0,0.0,0.0,0.0,0.0,2.3898470827799434,27.37772879507669,0.0,0.0,0.0,0.0,0.0,40.83657594324967,6.16839538856184,0.0,0.0,0.0,0.0,0.0,34.94854709873864,14.486475484193054,0.0,0.0,0.0,0.0,0.0,6.47421294293666,9.897012792320995,0.0,0.0,0.0,0.0,0.0,1.5070727341055365,43.09459052435708,0.0,0.0,0.0,0.0,0.0,18.19611223260162,12.250715379345488,0.0,0.0,0.0,0.0,0.0,206.24737305122608,25.542955993636255,0.0,0.0,0.0,0.0,0.0,9.156591348432746,6.391900731687742,0.0,0.0,0.0,0.0,0.0,6.3861098403329555
86,3.267845033739283,3.016451453086697,0.0,0.0,0.0,0.0,0.0,1.0573754036727674,0.0,0.0,0.0,0.0,0.0,0.13986337644001062,0.5012452013612344,0.0,0.0,0.0,0.0,0.0,1.445860572490521,1.6457059750068124,0.0,0.0,0.0,0.0,0.0,0.3504659447223933,0.4720037869821743,0.0,0.0,0.0,0.0,0.0,2.217816263927945,7.166801459686232,0.0,0.0,0.0,0.0,0.0,2.0135810716751137,1.5721805973831933,0.0,0.0,0.0,0.0,0.0,2.151343828999092,5.34034028622031,0.0,0.0,0.0,0.0,0.0,6.924378579609572,5.966802544676639,0.0,0.0,0.0,0.0,0.0,0.05368604450461562,12.959001413321012,0.0,0.0,0.0,0.0,0.0,0.22445444369558176,4.703211244045221,0.0,0.0,0.0,0.0,0.0,3.078773017561784,11.624503470660615,0.0,0.0,0.0,0.0,0.0,16.236550216620667,15.402674645789057,0.0,0.0,0.0,0.0,0.0,1.539846852812034,15.136416957487622,0.0,0.0,0.0,0.0,0.0,56.74217181582307,18.86867106509055,0.0,0.0,0.0,0.0,0.0,4.459925810720244,19.63405134606058,0.0,0.0,0.0,0.0,0.0,8.24849930162365,4.027003920436786,0.0,0.0,0.0,0.0,0.0,3.1570493005816904
87,2.087927678499627,6.168588311215314,0.0,0.0,0.0,0.0,0.0,0.586488025017672,0.0,0.0,0.0,0.0,0.0,2.001695947105435,0.4747018911846068,0.0,0.0,0.0,0.0,0.0,0.7357639977491149,1.240267962942905,0.0,0.0,0.0,0.0,0.0,1.228684331283454,0.21005439417681224,0.0,0.0,0.0,0.0,0.0,0.24769084720050355,13.760230939512136,0.0,0.0,0.0,0.0,0.0,4.261910164251189,1.4486235951940216,0.0,0.0,0.0,0.0,0.0,1.6546459917619714,7.138771666991892,0.0,0.0,0.0,0.0,0.0,4.508125562856557,7.016030998181201,0.0,0.0,0.0,0.0,0.0,3.3543501207744075,12.532829489266087,0.0,0.0,0.0,0.0,0.0,0.012110475961283708,4.172524977750695,0.0,0.0,0.0,0.0,0.0,3.686875919273054,18.790716417304758,0.0,0.0,0.0,0.0,0.0,2.53725366689843,23.577819187478205,0.0,0.0,0.0,0.0,0.0,6.282543612828836,15.219223723949213,0.0,0.0,0.0,0.0,0.0,27.229553094652957,3.839923747595008,0.0,0.0,0.0,0.0,0.0,21.800577850284846,29.504282846843164,0.0,0.0,0.0,0.0,0.0,1.5287494233346266,5.132785381880117,0.0,0.0,0.0,0.0,0.0,8.534837162944553
88,0.38411640374931744,2.697514325632812,0.0,0.0,0.0,0.0,0.0,0.6167194758583284,0.0,0.0,0.0,0.0,0.0,2.5811570210336403,0.5118824638162898,0.0,0.0,0.0,0.0,0.0,1.5008036699401628,1.1948538579130925,0.0,0.0,0.0,0.0,0.0,6.046857486280751,0.1212738624697259,0.0,0.0,0.0,0.0,0.0,1.6358135417815693,11.57036289786104,0.0,0.0,0.0,0.0,0.0,7.960689973393615,1.0616716233295715,0.0,0.0,0.0,0.0,0.0,6.625418892529501,4.630715390409517,0.0,0.0,0.0,0.0,0.0,0.22747033723651158,6.030872358628787,0.0,0.0,0.0,0.0,0.0,92.30342225660664,12.388222111481467,0.0,0.0,0.0,0.0,0.0,2.1864676505053793,6.815523991505267,0.0,0.0,0.0,0.0,0.0,25.692907022853912,9.607374701213127,0.0,0.0,0.0,0.0,0.0,6.29352121347542,12.705320816659524,0.0,0.0,0.0,0.0,0.0,0.4062452853116996,18.4184487018923,0.0,0.0,0.0,0.0,0.0,7.937580914178013,3.405572491286763,0.0,0.0,0.0,0.0,0.0,80.70395207227168,41.8017454402034,0.0,0.0,0.0,0.0,0.0,5.10021080552203,9.576127124794263,0.0,0.0,0.0,0.0,0.0,2.932363594177343
89,7.93007599333858,2.981305292596862,0.0,0.0,0.0,0.0,0.0,1.7837618457271711,0.0,0.0,0.0,0.0,0.0,0.01665580536144885,0.3639151637272036,0.0,0.0,0.0,0.0,0.0,1.6599470703158068,1.8655150124046946,0.0,0.0,0.0,0.0,0.0,6.208732104786946,0.13927173642787236,0.0,0.0,0.0,0.0,0.0,3.1483601153999916,9.161937227460399,0.0,0.0,0.0,0.0,0.0,14.996055687475208,0.9480523637828635,0.0,0.0,0.0,0.0,0.0,1.0936580978501547,4.905984961040256,0.0,0.0,0.0,0.0,0.0,0.1457033893955022,6.150874247812288,0.0,0.0,0.0,0.0,0.0,13.7728836107027,14.941690251060416,0.0,0.0,0.0,0.0,0.0,7.29969584160938,6.313928886236323,0.0,0.0,0.0,0.0,0.0,60.45315913338156,5.90775416308322,0.0,0.0,0.0,0.0,0.0,4.453481719364883,23.868198260076102,0.0,0.0,0.0,0.0,0.0,4.723494128741243,15.829010573489864,0.0,0.0,0.0,0.0,0.0,14.877445050309344,17.23524092394789,0.0,0.0,0.0,0.0,0.0,4.8016579614570185,41.127024250345166,0.0,0.0,0.0,0.0,0.0,33.11151748498501,6.453159447696105,0.0,0.0,0.0,0.0,0.0,2.568118592739751
90,21.685474965309997,2.629907912070275,0.0,0.0,0.0,0.0,0.0,0.7520302282863025,0.0,0.0,0.0,0.0,0.0,2.8059534122511938,0.669263111281085,0.0,0.0,0.0,0.0,0.0,1.1116080789547678,1.0997081783219476,0.0,0.0,0.0,0.0,0.0,0.811647200491236,0.10738204259845138,0.0,0.0,0.0,0.0,0.0,0.12780683848522453,8.015296579974613,0.0,0.0,0.0,0.0,0.0,88.56212273468103,3.70087861876705,0.0,0.0,0.0,0.0,0.0,0.3303050461422612,8.220470515833068,0.0,0.0,0.0,0.0,0.0,5.353193515762034,4.539690996371602,0.0,0.0,0.0,0.0,0.0,26.974685403836233,12.064527000541657,0.0,0.0,0.0,0.0,0.0,5.985451317194691,11.969943248935826,0.0,0.0,0.0,0.0,0.0,1.4500778328545558,9.808049240393263,0.0,0.0,0.0,0.0,0.0,108.47579979591872,18.855146455962455,0.0,0.0,0.0,0.0,0.0,2.7009799401234824,13.186969148588537,0.0,0.0,0.0,0.0,0.0,66.72429531016654,5.809882728553698,0.0,0.0,0.0,0.0,0.0,189.42632756688263,27.856404726685735,0.0,0.0,0.0,0.0,0.0,3.529667419024679,6.88938084311501,0.0,0.0,0.0,0.0,0.0,1.3049913864354865
91,5.000282640316427,9.25046089073627,0.0,0.0,0.0,0.0,0.0,0.9337800871670635,0.0,0.0,0.0,0.0,0.0,2.017928875875121,0.8978831449655147,0.0,0.0,0.0,0.0,0.0,7.745625303385549,2.6876388400165085,0.0,0.0,0.0,0.0,0.0,0.39391738411096605,0.551352773646183,0.0,0.0,0.0,0.0,0.0,5.903152668902021,11.724304186654432,0.0,0.0,0.0,0.0,0.0,74.26306618775469,3.1024101730617457,0.0,0.0,0.0,0.0,0.0,18.020301705098532,3.596559462166281,0.0,0.0,0.0,0.0,0.0,3.5154120615911424,5.293892295038806,0.0,0.0,0.0,0.0,0.0,54.528161802527386,11.485953372666232,0.0,0.0,0.0,0.0,0.0,22.151201981117598,4.446500580067245,0.0,0.0,0.0,0.0,0.0,4.425261689418273,9.440817427843738,0.0,0.0,0.0,0.0,0.0,1.6413558325551587,14.350912815109242,0.0,0.0,0.0,0.0,0.0,1.5317130327529984,10.49165402716687,0.0,0.0,0.0,0.0,0.0,9.58690465654252,7.426926057018346,0.0,0.0,0.0,0.0,0.0,69.52710351410289,40.11646975622917,0.0,0.0,0.0,0.0,0.0,1.3334946699362487,7.3607545269251125,0.0,0.0,0.0,0.0,0.0,5.784317111889582
92,2.5211765114758853,6.770881461280587,0.0,0.0,0.0,0.0,0.0,0.39400421454214507,0.0,0.0,0.0,0.0,0.0,1.068750411739994,0.7503783258861761,0.0,0.0,0.0,0.0,0.0,0.39479226803584083,1.5394017927970054,0.0,0.0,0.0,0.0,0.0,0.4268767629961223,0.11721674360800305,0.0,0.0,0.0,0.0,0.0,1.957930499651726,8.238203794745244,0.0,0.0,0.0,0.0,0.0,7.583106755201993,1.8819594375788935,0.0,0.0,0.0,0.0,0.0,0.8171394355792767,3.819933976950526,0.0,0.0,0.0,0.0,0.0,3.7523028074214477,4.633182300301195,0.0,0.0,0.0,0.0,0.0,4.302215342284832,12.876154329171468,0.0,0.0,0.0,0.0,0.0,0.006154789712186608,6.2498563324781475,0.0,0.0,0.0,0.0,0.0,17.003147097677907,7.234331774690953,0.0,0.0,0.0,0.0,0.0,28.22145204663998,18.17952687770326,0.0,0.0,0.0,0.0,0.0,3.879886525824091,17.07427793999512,0.0,0.0,0.0,0.0,0.0,9.209601980655107,7.0923578535360905,0.0,0.0,0.0,0.0,0.0,14.208078758908677,25.178887798672797,0.0,0.0,0.0,0.0,0.0,3.24309944780591,4.8294414030047905,0.0,0.0,0.0,0.0,0.0,2.5378180203611405
93,0.009237410664476604,3.2185283290501463,0.0,0.0,0.0,0.0,0.0,0.9147707710774831,0.0,0.0,0.0,0.0,0.0,8.241423104092839,0.3231927042108601,0.0,0.0,0.0,0.0,0.0,1.8434170264437602,1.4322866567793606,0.0,0.0,0.0,0.0,0.0,1.3258344574828032,0.37401764909212193,0.0,0.0,0.0,0.0,0.0,0.20420818404985797,6.920523053724677,0.0,0.0,0.0,0.0,0.0,14.819958487461045,1.0605304596311824,0.0,0.0,0.0,0.0,0.0,1.8409150910407839,4.57545468828455,0.0,0.0,0.0,0.0,0.0,40.45619734333695,6.6143442124130365,0.0,0.0,0.0,0.0,0.0,44.30873852690812,12.675473554561892,0.0,0.0,0.0,0.0,0.0,1.8188616219578542,4.374950138320479,0.0,0.0,0.0,0.0,0.0,20.261983817319148,8.860343091991282,0.0,0.0,0.0,0.0,0.0,44.38412171033215,13.805167875780331,0.0,0.0,0.0,0.0,0.0,0.9938800448417944,11.474369103816452,0.0,0.0,0.0,0.0,0.0,7.158749357259282,4.324354236480184,0.0,0.0,0.0,0.0,0.0,6.670097026641466,14.511211807243825,0.0,0.0,0.0,0.0,0.0,71.98785831379735,5.613901659816656,0.0,0.0,0.0,0.0,0.0,1.8236754655421281
94,0.86029748807953,5.893040812308308,0.0,0.0,0.0,0.0,0.0,0.579976072806496,0.0,0.0,0.0,0.0,0.0,1.6444114789055642,0.6189516292812911,0.0,0.0,0.0,0.0,0.0,0.16428441359404383,1.4989246811541548,0.0,0.0,0.0,0.0,0.0,2.114983086548244,0.14285446168568453,0.0,0.0,0.0,0.0,0.0,0.5030781066331406,8.366720602726621,0.0,0.0,0.0,0.0,0.0,8.709605733275334,0.7324628907807238,0.0,0.0,0.0,0.0,0.0,1.7400046020379911,3.0385653337988483,0.0,0.0,0.0,0.0,0.0,10.585452228714626,4.601813938278259,0.0,0.0,0.0,0.0,0.0,8.122894994114278,12.370271928666286,0.0,0.0,0.0,0.0,0.0,6.557926041178335,4.5150766750266,0.0,0.0,0.0,0.0,0.0,5.295717136063861,8.622883581859426,0.0,0.0,0.0,0.0,0.0,16.68270819591515,12.472219019696727,0.0,0.0,0.0,0.0,0.0,5.854779170913011,19.504729788630332,0.0,0.0,0.0,0.0,0.0,2.102663960174367,5.466689898309255,0.0,0.0,0.0,0.0,0.0,7.849526284638147,20.63515827923963,0.0,0.0,0.0,0.0,0.0,8.438791986749555,4.740694242491979,0.0,0.0,0.0,0.0,0.0,14.010831225974512
95,2.7069991153220383,3.245106105743579,0.0,0.0,0.0,0.0,0.0,0.5703783309552851,0.0,0.0,0.0,0.0,0.0,0.39979645769748884,0.4326341210087357,0.0,0.0,0.0,0.0,0.0,2.5485747804483556,1.4550004704676565,0.0,0.0,0.0,0.0,0.0,1.0207579737290848,0.4409757628853884,0.0,0.0,0.0,0.0,0.0,0.0717102351452112,6.610224411901203,0.0,0.0,0.0,0.0,0.0,7.527308861760618,0.9596580810103106,0.0,0.0,0.0,0.0,0.0,0.27439470536143895,8.616107617212812,0.0,0.0,0.0,0.0,0.0,0.6663039986899206,4.617895852980213,0.0,0.0,0.0,0.0,0.0,1.6261435334728827,14.356462407439835,0.0,0.0,0.0,0.0,0.0,1.543484091956057,4.838656581192772,0.0,0.0,0.0,0.0,0.0,24.106955452332635,7.155201343225359,0.0,0.0,0.0,0.0,0.0,11.111539384086692,5.933669046744512,0.0,0.0,0.0,0.0,0.0,44.17183121445821,9.166814761784984,0.0,0.0,0.0,0.0,0.0,3.247596896960232,17.3684944942383,0.0,0.0,0.0,0.0,0.0,3.530134454926096,27.46094092158695,0.0,0.0,0.0,0.0,0.0,2.63607652822862,3.4797178512770164,0.0,0.0,0.0,0.0,0.0,2.2479026859244864
96,2.024685407633156,3.792122123633858,0.0,0.0,0.0,0.0,0.0,1.2884396455925142,0.0,0.0,0.0,0.0,0.0,0.6143136846596834,0.5208330067961228,0.0,0.0,0.0,0.0,0.0,1.077367081232496,1.6503608693232112,0.0,0.0,0.0,0.0,0.0,5.156574693192284,0.13172430077233455,0.0,0.0,0.0,0.0,0.0,0.501961948947301,7.30861768391228,0.0,0.0,0.0,0.0,0.0,16.794140889679348,6.590949248971975,0.0,0.0,0.0,0.0,0.0,42.40829340607374,5.917709325931448,0.0,0.0,0.0,0.0,0.0,29.62828906776835,7.07636006295032,0.0,0.0,0.0,0.0,0.0,10.609668208972577,15.83925254791014,0.0,0.0,0.0,0.0,0.0,7.964473654533201,5.560018039762399,0.0,0.0,0.0,0.0,0.0,2.1475707096868932,9.211528666746917,0.0,0.0,0.0,0.0,0.0,0.48619125008827835,10.766379613682457,0.0,0.0,0.0,0.0,0.0,0.8130090015153216,10.862236792534981,0.0,0.0,0.0,0.0,0.0,85.8801181442512,8.067360167779956,0.0,0.0,0.0,0.0,0.0,6.028254319809107,23.458589042619945,0.0,0.0,0.0,0.0,0.0,15.804106075768308,4.3497755760301064,0.0,0.0,0.0,0.0,0.0,5.4049449224480925
97,0.8885491887569668,3.087702068118504,0.0,0.0,0.0,0.0,0.0,0.7546161168898159,0.0,0.0,0.0,0.0,0.0,0.31338183555343235,0.8769747248258717,0.0,0.0,0.0,0.0,0.0,1.3724229210743242,1.0999710115456263,0.0,0.0,0.0,0.0,0.0,0.2841520327120494,0.11165647805072335,0.0,0.0,0.0,0.0,0.0,0.146669687529465,7.684906160335688,0.0,0.0,0.0,0.0,0.0,2.112890681330388,1.1098822450090873,0.0,0.0,0.0,0.0,0.0,7.6104260891303355,2.920917944960835,0.0,0.0,0.0,0.0,0.0,25.56666722882718,4.353110050431307,0.0,0.0,0.0,0.0,0.0,36.19926887522939,14.351278551198867,0.0,0.0,0.0,0.0,0.0,0.600293334719774,5.783540084024582,0.0,0.0,0.0,0.0,0.0,3.9202687005285712,9.438841240592419,0.0,0.0,0.0,0.0,0.0,1.3046679883014032,19.254333945527044,0.0,0.0,0.0,0.0,0.0,2.7851688858327277,11.37354632016486,0.0,0.0,0.0,0.0,0.0,7.857525371941276,6.961201642608822,0.0,0.0,0.0,0.0,0.0,20.15719876314707,20.786233431832407,0.0,0.0,0.0,0.0,0.0,12.31958274276799,5.025109076554522,0.0,0.0,0.0,0.0,0.0,3.8115315237894922
98,0.5949459895163821,3.593639976887972,0.0,0.0,0.0,0.0,0.0,0.5910704437598209,0.0,0.0,0.0,0.0,0.0,0.826071837615888,0.3800375323921831,0.0,0.0,0.0,0.0,0.0,0.45816931879273143,5.04498572908696,0.0,0.0,0.0,0.0,0.0,13.796010498525801,0.8099948758114099,0.0,0.0,0.0,0.0,0.0,0.5374810272565184,7.51326944617353,0.0,0.0,0.0,0.0,0.0,37.62523719195376,1.8783942970679124,0.0,0.0,0.0,0.0,0.0,0.9607107781478718,5.5807373850928785,0.0,0.0,0.0,0.0,0.0,17.10598469740986,6.877407145845609,0.0,0.0,0.0,0.0,0.0,0.14926391168389347,19.703250939516476,0.0,0.0,0.0,0.0,0.0,0.16255669818604537,5.795457656675076,0.0,0.0,0.0,0.0,0.0,25.09651789320105,10.270644590102606,0.0,0.0,0.0,0.0,0.0,9.07222992276793,14.755754582240316,0.0,0.0,0.0,0.0,0.0,0.7025602203278094,30.274780373723285,0.0,0.0,0.0,0.0,0.0,30.476139502295784,5.2910021410100105,0.0,0.0,0.0,0.0,0.0,79.54589351666904,20.583313653238253,0.0,0.0,0.0,0.0,0.0,26.400603412077565,4.236813115753852,0.0,0.0,0.0,0.0,0.0,3.4845526221666376
99,21.357895827668465,4.024621741227001,0.0,0.0,0.0,0.0,0.0,0.4513757403566952,0.0,0.0,0.0,0.0,0.0,1.3125171963345477,0.9111091339707774,0.0,0.0,0.0,0.0,0.0,0.6206191237969142,1.2717827293449502,0.0,0.0,0.0,0.0,0.0,0.30941207993790537,0.08714962686422129,0.0,0.0,0.0,0.0,0.0,2.123502023211038,13.020968291080907,0.0,0.0,0.0,0.0,0.0,76.83432977720737,1.0982631760967878,0.0,0.0,0.0,0.0,0.0,1.0125196278848674,3.2553924147042745,0.0,0.0,0.0,0.0,0.0,8.712612134657604,4.419771465054275,0.0,0.0,0.0,0.0,0.0,8.42076765123454,13.42389936880093,0.0,0.0,0.0,0.0,0.0,0.8810505973913324,7.8873255531218565,0.0,0.0,0.0,0.0,0.0,5.8804275359152856,8.27475633662479,0.0,0.0,0.0,0.0,0.0,107.93034906777307,19.320934271839402,0.0,0.0,0.0,0.0,0.0,4.973973050120941,11.12012200028602,0.0,0.0,0.0,0.0,0.0,0.9895080203864615,4.407016264666707,0.0,0.0,0.0,0.0,0.0,19.68049983539212,64.61584495452003,0.0,0.0,0.0,0.0,0.0,8.686051980315728,4.289555885026737,0.0,0.0,0.0,0.0,0.0,66.70552189261561
