,ASD,ASD,ASD,SZ,SZ,SZ,BIP,BIP,BIP,ADHD,ADHD,ADHD,DEL15q11_2,DEL15q11_2,DEL15q11_2,DEL22q11_2,DEL22q11_2,DEL22q11_2,DUP22q11_2,DUP22q11_2,DUP22q11_2,DEL16p11_2,DEL16p11_2,DEL16p11_2,DUP16p11_2,DUP16p11_2,DUP16p11_2,DEL1q21_1,DEL1q21_1,DEL1q21_1,DUP1q21_1,DUP1q21_1,DUP1q21_1
,Loss/train,Loss/test,Accuracy/test,Loss/test,Accuracy/test,Loss/train,Loss/test,Accuracy/test,Loss/train,Loss/test,Accuracy/test,Loss/train,Loss/test,Accuracy/test,Loss/train,Loss/test,Accuracy/test,Loss/train,Loss/test,Accuracy/test,Loss/train,Loss/test,Accuracy/test,Loss/train,Loss/test,Accuracy/test,Loss/train,Loss/test,Accuracy/test,Loss/train,Loss/test,Accuracy/test,Loss/train
0,0.22850857391173607,0.15716438963033738,46.808510638297875,0.07740951726203477,69.29133858267717,0.434151999949331,0.10687992212287586,67.74193548387096,0.6481626710391882,0.13811837115359393,64.34782608695652,0.45218981268129815,0.11489735530562148,48.78048780487805,1.2192887723025543,0.1401089848618936,52.94117647058824,0.8293359687531824,0.08388087233895937,62.5,0.7026153757393133,0.09925859316772352,58.333333333333336,0.9308947001331995,0.10824943464483076,64.28571428571429,0.6544069004266816,0.10618563438963091,70.0,1.9939899695432421,0.385492219856454,28.57142857142857,4.581996565153709
1,0.8272108138943045,0.08722003255268498,53.72340425531915,0.07817946073737253,65.35433070866141,0.48694130091360854,0.07494426598974709,80.64516129032258,0.5666878273909263,0.08515183442674108,63.47826086956522,0.6885149621127101,0.10646762708097512,43.90243902439025,0.9801897095421772,0.1692606162846088,64.70588235294117,0.47322616537348833,0.09022310650460336,50.0,3.0945941125608307,0.10917517617840895,66.66666666666666,0.7587343511595432,0.11483911617156092,50.0,1.3982147988633835,0.13749308445175396,70.0,0.9454683734161493,0.2109766135999187,28.57142857142857,1.1042378592518107
2,0.6451520491455657,0.08685820348285352,51.59574468085106,0.07613114794905379,66.92913385826772,0.5436328758165925,0.07318150802736392,70.96774193548387,0.21342974495654318,0.08419526626329729,64.34782608695652,0.6659772009096125,0.12282688497975525,56.09756097560976,0.6244931331947023,0.08450854624077933,76.47058823529412,0.5104593732336375,0.08372879856990877,50.0,0.8181287066085984,0.09103693346617936,66.66666666666666,0.7039595237075241,0.12421118663157922,42.857142857142854,0.7716195725833626,0.1279521960022264,60.0,0.9397615509593807,0.15522512070420033,28.57142857142857,1.0017647224814226
3,0.48863056307336244,0.13442254531249864,54.25531914893617,0.0937363276007655,69.29133858267717,0.5173588640650482,0.18000139107776675,35.483870967741936,0.3965398617787416,0.20314149576356375,35.65217391304348,0.34933137324182084,0.1802809717131046,56.09756097560976,1.0432753468502072,0.11857169701694688,52.94117647058824,0.6808849552244258,0.10672764298962442,62.5,0.34759767199383673,0.11338470780814709,66.66666666666666,0.15732593103422204,0.17271193896057221,35.714285714285715,0.5557991158976947,0.26564517785503644,30.0,0.8940391045185786,0.33464231388057014,28.57142857142857,2.9794151483173335
4,0.6913206367774066,0.10083221521704204,50.53191489361703,0.09142564446035775,70.86614173228347,0.9180428814888723,0.06664352327899217,70.96774193548387,0.5207206630397255,0.09522019115937058,65.21739130434783,0.741393815822189,0.15227508930073644,51.21951219512195,1.3900577124223406,0.1155348191555086,58.82352941176471,0.6348504400126982,0.10230707334679745,62.5,1.0906308147827324,0.11143335109176696,75.0,0.6749737740777839,0.18910226821597556,42.857142857142854,0.8242445032352571,0.13222860164601102,60.0,0.5530714886455312,0.11554140610078027,28.57142857142857,2.0834946889790977
5,1.3923167009444624,0.1260602218674187,61.702127659574465,0.09942784483262744,64.56692913385827,0.7570078438152936,0.055418641551329494,87.09677419354838,0.5186004123532095,0.17740714067627728,40.0,0.7200131073284253,0.25322919969201724,43.90243902439025,0.8021090654207648,0.1833360612882447,58.82352941176471,1.2193624468849686,0.08050384998634288,37.5,1.3980929737332533,0.1068319970642732,58.333333333333336,0.1728063982498944,0.1513747071118264,57.14285714285714,1.0307044004850485,0.45825557686025026,40.0,0.9194583286275038,0.08441134717793908,71.42857142857143,4.96260063649239
6,0.4315799001788804,0.08622086177495046,63.829787234042556,0.11483350077271372,70.86614173228347,0.2835814036252889,0.09000203995718296,74.19354838709677,0.8971191624109057,0.09096884346332691,64.34782608695652,0.47378744785278765,0.22520442094319998,56.09756097560976,1.6905545846473669,0.1439256353116919,58.82352941176471,0.18399014210066136,0.12859124873838532,62.5,0.6985993790230798,0.14640881884378457,75.0,0.2125297245396678,0.2433060562722575,35.714285714285715,0.3916728982263574,0.1417175079697475,60.0,0.5417469127482892,0.3671145415216959,71.42857142857143,2.116761701157191
7,0.6509260035569694,0.08764863083192609,61.170212765957444,0.06535670454215911,76.37795275590551,0.3808645249492537,0.04456887515591911,83.87096774193549,1.0488007631491099,0.09813503592873568,66.08695652173913,0.4339247788001172,0.10704567831947534,51.21951219512195,0.5243495460538364,0.08879315012776288,70.58823529411765,0.4863777072089281,0.06811562943927979,62.5,0.747462013373133,0.08080592521485679,58.333333333333336,0.2783117923871249,0.14876884442597058,35.714285714285715,1.0447435574945227,0.2714050295429211,50.0,0.5533290419397616,0.6821933284865672,28.57142857142857,6.676429054733414
8,0.1386595167080235,0.08599236366926005,62.76595744680851,0.10119861724588819,70.86614173228347,0.7646010886488147,0.0817790129182711,70.96774193548387,0.06141941191843537,0.10315189371209234,62.60869565217392,1.3448672481361739,0.2447915607072022,48.78048780487805,0.7681193521258061,0.2124442453740011,64.70588235294117,0.07897965418577738,0.1269323502372057,62.5,0.5075258163733057,0.12533648204708803,75.0,0.7783727846543709,0.2081202455444465,42.857142857142854,0.7051452569493597,0.1864367900445661,60.0,0.9620463419469114,0.11168253426626314,85.71428571428571,2.090355318002758
9,0.292430282928108,0.09338049645981829,60.63829787234043,0.08759841565760428,69.29133858267717,0.3458347180343114,0.051120148947975466,83.87096774193549,0.3789294496840563,0.10979335236938016,64.34782608695652,0.4724061609600122,0.26680486655636376,46.34146341463415,0.4701408053991948,0.2837441933129821,58.82352941176471,0.3785567512972683,0.11722040164020817,62.5,0.7084664805493067,0.22039426353349337,33.33333333333333,0.0218385904595779,0.13501998128953888,57.14285714285714,1.5532342099539043,0.1206202434279853,60.0,0.7316373276681054,0.17706801230662467,28.57142857142857,0.8245380543365092
10,0.6598373044137719,0.08353309672394385,64.8936170212766,0.0920132385710883,71.65354330708661,0.5193855601547454,0.05827047844666575,74.19354838709677,0.08125547783805885,0.09331913906848374,63.47826086956522,1.623298371557936,0.19277978204398977,51.21951219512195,0.4558666317562974,0.24885001668507128,64.70588235294117,0.13607860397818985,0.10692879872200337,62.5,0.6183415131389813,0.09541987212987192,83.33333333333334,1.030728459891094,0.1847049407357161,42.857142857142854,0.34882205351179074,0.2666548388265726,50.0,0.6804894571456022,0.12378563301038466,71.42857142857143,0.4704104148527186
11,0.022342765085183427,0.2764705828949021,47.87234042553192,0.07966516451302849,75.59055118110236,0.13809558618501752,0.0417737735882652,90.32258064516128,0.5802525194567473,0.25453891678839813,64.34782608695652,1.0917284674090346,0.2324236267275617,51.21951219512195,0.9244279627283938,0.2110878962987807,64.70588235294117,0.15403543379282675,0.060742556345602744,62.5,0.21978072713816216,0.07231591520081439,83.33333333333334,0.8839302287129399,0.18662886395773265,42.857142857142854,0.7842664019027339,0.45428650320037783,70.0,0.8376522362762455,0.1659932798358559,42.857142857142854,0.7377317192588037
12,0.4709255212191308,0.10900400020016442,64.36170212765957,0.08579553096906464,70.07874015748031,0.05946770846213376,0.048427004465957844,93.54838709677419,0.026576975522595716,0.1414193654470192,43.47826086956522,0.6744271834283382,0.1977683772440303,53.65853658536586,0.5951139927583873,0.09206779169042945,64.70588235294117,1.819259411476813,0.09029908807663876,62.5,1.6418916138494244,0.11065736144728772,75.0,1.8265683029339213,0.12927063432643673,42.857142857142854,1.5841018021687796,0.37614108291321574,40.0,0.47832536349143445,0.1743910848042651,57.14285714285714,0.8878833977213807
13,0.8420808365917303,0.08515526348184473,62.76595744680851,0.12368659883316951,66.14173228346458,1.4480223868949946,0.05963923289364295,93.54838709677419,0.2491378665574515,0.09781409432176194,64.34782608695652,0.36836579576979744,0.20132461569003096,53.65853658536586,1.2569537261611554,0.4026178163562705,58.82352941176471,0.47021813491371783,0.13856596245279912,62.5,2.5410742249032543,0.23927804347162654,33.33333333333333,0.3877476980526816,0.13486027845992402,57.14285714285714,0.986475148198668,0.16600400454743303,40.0,0.4219255247991273,0.23338244149367698,42.857142857142854,0.7815634671715197
14,1.2416851809608198,0.08882108986877223,64.8936170212766,0.08871272179815907,70.07874015748031,0.3489682746860657,0.04434292502649265,93.54838709677419,0.13511531185086514,0.11411795960104602,66.95652173913044,0.39323080964441365,0.1687301753199103,51.21951219512195,1.7669524042450206,0.18868232249414507,58.82352941176471,0.14565968127555098,0.07110957692564499,62.5,0.0704110663858108,0.12363392409624947,58.333333333333336,3.960263409705043,0.11965831854801556,57.14285714285714,1.0997189428389758,0.19796823727065543,50.0,0.2939733547905019,0.1285305385571222,71.42857142857143,1.1104597144580874
15,0.739767053967848,0.08290930297981239,67.02127659574468,0.13757744481010228,69.29133858267717,2.9065532501038516,0.10484739398766531,70.96774193548387,0.6789406122020245,0.10209750595350746,60.0,0.9518161758985692,0.2215341281282065,56.09756097560976,0.7177629101066876,0.23330479917317856,52.94117647058824,0.204101319024581,0.18390997662164632,62.5,1.9570037172781487,0.14168184214519333,66.66666666666666,0.3077501660565574,0.27241302038271314,42.857142857142854,0.46169465885814526,0.26200654343133845,30.0,0.787890458544272,0.14344202269392972,71.42857142857143,0.5057822285848937
16,0.9858805971411796,0.10042388592659912,65.95744680851064,0.09089519333285284,67.71653543307087,0.08064514612652504,0.053808292380252774,90.32258064516128,0.8627479124437731,0.13774026003920556,49.56521739130435,0.32307188523933317,0.19379945608506613,48.78048780487805,0.7469091151926233,0.17078573818565237,58.82352941176471,1.1252040513626373,0.07303526296374137,62.5,0.359189702076381,0.11970627041347282,50.0,0.22529095249975523,0.15236983267076504,57.14285714285714,0.7847885509679432,0.4682605771163928,40.0,0.1855031485784794,0.13936672618995463,57.14285714285714,3.126891054071429
17,0.26243686009074235,0.11704191040196803,61.170212765957444,0.08904504511761994,74.80314960629921,0.4099022768296853,0.04944732373082855,83.87096774193549,1.2042081228477173,0.12637545976276998,64.34782608695652,0.502797414047506,0.17855518674891252,51.21951219512195,2.467487171337436,0.18521717193149403,52.94117647058824,0.41304804736849376,0.07049705368216651,62.5,1.233358780556209,0.06785588060221746,75.0,0.030951908642108242,0.1756805788781899,57.14285714285714,0.8158164039256126,0.2018102162628793,50.0,0.7460897305849348,0.13738684388879854,57.14285714285714,0.8386923380063681
18,0.9009080185298796,0.152406676342683,56.91489361702128,0.08817664355315576,74.01574803149606,0.18055233630998316,0.04449465501816931,87.09677419354838,0.04376951808625256,0.17578628591946896,63.47826086956522,0.7429034754718016,0.16648039452054655,48.78048780487805,0.6335163535608647,0.23391396676740717,64.70588235294117,1.121621022716112,0.0694607491533382,62.5,0.12173230637703322,0.06347707043468753,66.66666666666666,0.45881004880807513,0.19306346157092516,50.0,0.1780687204319951,0.16478253065106485,70.0,0.6018683190528599,0.13188309064943896,57.14285714285714,0.7732759870652428
19,4.478200058979795,0.2093897269763104,57.97872340425532,0.09246373805650612,73.22834645669292,0.35940243419547196,0.06341501633155318,74.19354838709677,1.5005576723411693,0.3165321983246713,38.26086956521739,1.3333339639305781,0.14471027865812497,51.21951219512195,1.6943322765301054,0.25594122680952225,64.70588235294117,0.08043151288936876,0.12991711343866624,62.5,0.8240063134773549,0.0556400617922618,83.33333333333334,0.5600070911462562,0.21522482378251115,50.0,0.3629841476642449,0.7734546457530138,30.0,0.4384850255761706,0.09759450233516732,85.71428571428571,1.0704305263612424
20,0.1711967018914203,0.1218003281285073,61.170212765957444,0.12497587466033282,66.14173228346458,1.0268880442871493,0.07529866807973364,87.09677419354838,0.1917584618309038,0.14418245307588395,66.08695652173913,1.0842452417629334,0.1840785159481928,48.78048780487805,0.43843975613319097,0.29246671729058776,52.94117647058824,0.0889060171077432,0.07771612463808673,62.5,0.3593636234494685,0.1572907756328206,50.0,0.862742700353968,0.1827749089130471,57.14285714285714,0.34209950878920703,0.3355546025269086,60.0,0.25683429973356897,0.15694205496790875,28.57142857142857,0.6900641749262285
21,1.4984007079209778,0.11696274838448387,63.297872340425535,0.2559989464329693,55.90551181102362,0.3329717906898372,0.139378688785618,70.96774193548387,0.0826062609767476,0.15437604072941716,49.56521739130435,0.6462634196468808,0.592057253584027,48.78048780487805,1.5050806225350688,0.27548988089603677,47.05882352941176,0.026479057153646634,0.17343174104467624,50.0,0.09618909316649739,0.5234879600086015,41.66666666666667,0.10610162927504155,0.2151927847269449,64.28571428571429,0.12535177287285434,0.4754929914446409,30.0,0.23746725035759736,0.5186557359170615,28.57142857142857,1.130817880373288
22,0.3545017888119366,0.10056218197977503,64.36170212765957,0.15008471232856532,74.01574803149606,1.2213033576612253,0.13332947603830958,77.41935483870968,0.913277681410988,0.10703613963183635,65.21739130434783,0.37827565580719974,0.42618699697384216,58.536585365853654,0.9992199157992149,0.34625575360597804,64.70588235294117,0.4300933726304416,0.216452038810631,62.5,0.791460728106951,0.14879188471336474,75.0,0.0539637664476723,0.3990732327827506,42.857142857142854,0.21952458881932535,0.2632018224118606,40.0,0.264425539324699,0.18196302421927904,71.42857142857143,1.2811380820715004
23,0.8228338742907283,0.09855226535653729,67.02127659574468,0.1028454407516638,74.80314960629921,0.026106131576920138,0.062085470633433004,87.09677419354838,0.000793329462448597,0.11924837995918568,63.47826086956522,0.7057383135298426,0.2010739963720667,51.21951219512195,0.24012916840963233,0.13404055834225687,76.47058823529412,0.05954698819045238,0.074528780816582,75.0,1.4005907602482093,0.055075472578531876,83.33333333333334,0.15991314008888063,0.2299810673971783,57.14285714285714,0.5255728411073924,0.30771379516504566,40.0,0.26879445078379177,0.1716668249901166,42.857142857142854,2.1240400826556334
24,0.1015705720113238,0.12709110802476137,66.48936170212765,0.10852008129366217,75.59055118110236,0.07131925033657878,0.06206653429513085,87.09677419354838,0.4614849981422838,0.15179237199567752,64.34782608695652,0.9318013878397409,0.20555004677852334,46.34146341463415,0.5382370345257039,0.17804127416488041,76.47058823529412,0.041753110263983526,0.07989097972197157,75.0,0.009019954187335552,0.04623900387758075,91.66666666666666,0.0008602437086859502,0.22764797158643832,42.857142857142854,0.913013853503839,0.18562304412484268,40.0,0.12874119695006875,0.14861176705854126,71.42857142857143,2.216437174307021
25,0.44308453042098694,0.14330620959973148,63.829787234042556,0.1737508823681656,62.20472440944882,0.3542270009371192,0.0808091513979326,80.64516129032258,0.9998460425563387,0.20808267137565162,41.73913043478261,0.3610319514851944,0.30067147951752615,48.78048780487805,0.4818224349177598,0.21080755712202678,64.70588235294117,0.04069305051937204,0.06468112141729863,87.5,0.9743009940099436,0.2559346812745382,50.0,0.01015232018965204,0.13915187551427902,64.28571428571429,0.3485455212289352,0.4915138496492751,30.0,0.2000698482336784,0.38796972360296333,28.57142857142857,0.3290797344082943
26,0.43161449834161975,0.09522738826430595,67.5531914893617,0.20258719332850822,73.22834645669292,2.2639325611357326,0.1863886283389987,87.09677419354838,18.28575685830873,0.1289366412843121,55.65217391304348,0.47731066710124004,0.2005590132006384,43.90243902439025,1.2335105729389009,0.26176043168563073,52.94117647058824,1.0222562269416753,0.2519940724466263,50.0,0.07828207009048858,0.3137706970268826,75.0,0.2932368724274037,0.22994786114811738,57.14285714285714,0.2927620223157933,0.3610715013034179,30.0,0.4746395982515598,0.2936875079114238,57.14285714285714,1.7809417897745152
27,0.017363808846914703,0.11931701525362001,68.08510638297872,0.14891863248398152,77.16535433070865,0.5475910332547435,0.07978126743061247,87.09677419354838,0.34889635796238555,0.18311284196484334,47.82608695652174,0.14654227016150706,0.3072568699393964,43.90243902439025,0.778073106729869,0.19866682715168668,58.82352941176471,0.1801712953359827,0.14866023501215817,62.5,1.42252261112097,0.09410806433419848,66.66666666666666,0.09583809678707657,0.22004215445844016,50.0,1.4839595364145246,0.7442200387507257,30.0,0.4409480750901721,0.20947217339538343,42.857142857142854,1.1795078835272526
28,0.011511975786537348,0.12605562791594657,68.61702127659575,0.13307230774461884,78.74015748031496,0.19802946383379896,0.07535525651703193,87.09677419354838,0.03058013189114243,0.1491259623634186,65.21739130434783,0.10105322258406765,0.17922619942959625,58.536585365853654,0.9198332792419454,0.30414051771588957,58.82352941176471,0.0023008540944428704,0.1768305535487939,62.5,0.0665647296441246,0.06436868579789666,75.0,1.8069101762290507,0.2779295605344178,42.857142857142854,0.25696796883993095,0.33476787723027074,50.0,0.17049873999003906,0.17131782127669098,85.71428571428571,0.25968047070385875
29,0.3640490056384181,0.10990133239254357,64.36170212765957,0.15518703941764608,70.07874015748031,0.004849664299411745,0.07255261374809752,90.32258064516128,0.07872178071827478,0.15207500753537612,51.30434782608696,0.8425889697889761,0.18572907780113548,39.02439024390244,0.6469922159081862,0.13603675642565818,70.58823529411765,0.0008247062849347789,0.07694157477036517,75.0,0.29270472855567947,0.09230337180249835,66.66666666666666,0.09405622436961128,0.17284515511981757,57.14285714285714,0.07124432869097914,0.5009639700926984,30.0,1.595095455865274,0.21601574757668765,57.14285714285714,1.2539191843747957
30,0.19456000684069483,0.09796694299486722,68.08510638297872,0.12841165894584483,74.80314960629921,0.10784877379722627,0.07029203497846963,90.32258064516128,0.0900145208653191,0.1354742764872765,54.78260869565217,0.3304893748672471,0.24263849246924524,48.78048780487805,1.097055808324055,0.19311423473231915,64.70588235294117,0.005913563564578748,0.09425875243424488,62.5,0.25502770813103415,0.12388240699177215,66.66666666666666,0.017961012339850636,0.1630928019268525,57.14285714285714,0.31072051324503946,0.5466096857066357,40.0,0.7569899326700493,0.17672357642479225,57.14285714285714,0.40615423316095356
31,0.015243736066329635,0.10396802813922942,64.8936170212766,0.27038518552488694,57.48031496062992,0.40781279439971146,0.16882662186790345,67.74193548387096,1.65693478231235e-05,0.14209318852771818,49.56521739130435,0.2777716611630619,0.19052550263976165,46.34146341463415,0.6858507259743231,0.23542378511434964,41.17647058823529,0.013394968999467691,0.27010371471583006,37.5,0.044216228849896934,0.5344366524410946,41.66666666666667,2.4082756483543215,0.2014277323130986,57.14285714285714,0.07802381158126498,0.3879237345799959,30.0,0.20157634351385648,0.3785707421127558,28.57142857142857,1.1547883974225674
32,0.0579463435950583,0.10826421023836369,63.829787234042556,0.13472535508471326,74.80314960629921,0.017697078268934442,0.09474103771622508,83.87096774193549,0.0003423248565106736,0.13351801735898594,57.391304347826086,0.6331532910813,0.21037660077800585,46.34146341463415,1.301055089276699,0.17509333208650227,64.70588235294117,0.02540667456314317,0.21386184867071228,62.5,0.023259396689077064,0.07287454522123579,75.0,0.002735256240779645,0.3111906318010006,50.0,0.22606597742751877,0.354008563426401,30.0,0.11407392658259399,0.16211253082077323,85.71428571428571,2.7107523286993893
33,0.08654442580501598,0.11363129373890861,66.48936170212765,0.16390528192638662,72.44094488188976,0.022748937719595408,0.11308673463158495,80.64516129032258,0.04366397435055259,0.14285673570981042,57.391304347826086,0.8009011217687156,0.2619050104190852,48.78048780487805,0.3585113908436844,0.6676475550339409,58.82352941176471,0.0036856016776447794,0.27437654782209114,62.5,0.01564430534507034,0.17873497932029278,58.333333333333336,0.08308679183786977,0.22522529702434796,57.14285714285714,1.6671139044030527,0.3473274902785395,40.0,0.22713755261002147,0.1723332246082445,85.71428571428571,0.7779472812090716
34,0.04886573160178975,0.17331107928850453,65.95744680851064,0.17519418350061683,69.29133858267717,1.1100302762082266,0.0855820308905571,87.09677419354838,0.30423335553525294,0.2592857323490193,43.47826086956522,0.9569161087808556,0.29064995744696565,43.90243902439025,0.1344488606432961,0.3335781482895251,64.70588235294117,2.671080321839418,0.11963705977005763,62.5,0.6918174239023627,0.3756162430858761,50.0,0.6081730031969925,0.14863850049902963,57.14285714285714,0.17590502398487579,0.6110015638061036,40.0,0.16260079445394157,0.2839651729526488,42.857142857142854,0.8249902008578622
35,0.04723518142741769,0.14356953622903576,61.702127659574465,0.1954970638319892,63.77952755905512,0.3368688280865066,0.1278147238970939,80.64516129032258,0.0028875603242439784,0.17241943779454197,65.21739130434783,0.13995839560514228,0.2728060153171952,56.09756097560976,1.9469730065776747,0.17382118047181505,58.82352941176471,0.5888502160227107,0.19252762681155652,50.0,0.2258991034324136,0.24318474254177222,41.66666666666667,0.3354120308590007,0.14709350440971417,64.28571428571429,0.6534056187324379,0.31745752539531724,60.0,0.28507813349788,0.2151497662190854,42.857142857142854,2.5051795626729914
36,0.7369590266775207,0.12420254627336344,65.42553191489363,0.32482749939485406,56.69291338582677,2.512015707307729,0.18658004133849349,67.74193548387096,2.0995532360566926e-05,0.15458113086366254,64.34782608695652,0.298691335464332,0.1983325231930883,51.21951219512195,0.5048705534400908,0.9308603058716354,41.17647058823529,0.006997251811656104,0.26520866775017854,37.5,3.4020219264893976,0.520522048782399,41.66666666666667,0.04471298222044016,0.1580241834219816,57.14285714285714,0.49095654095224717,0.2786794273575821,40.0,0.07366845450155046,0.27608272657470373,57.14285714285714,0.15105343038024824
37,0.4886217503699743,0.1332599410439841,65.42553191489363,0.14551725191328152,77.16535433070865,0.04782688631813762,0.09854320542395803,83.87096774193549,0.00011142362062635908,0.1803384606422642,66.08695652173913,0.21229155692534443,0.21907345048906374,51.21951219512195,1.3673182892434617,0.2457413050896094,64.70588235294117,0.007066483133421631,0.2502539846368475,62.5,0.6983298749201183,0.07120553383241075,75.0,0.04840999015402949,0.3411045275614969,57.14285714285714,0.06806890142418633,0.3759347210434599,50.0,0.05506972511044148,0.17418331636311188,71.42857142857143,0.8077532947867047
38,0.8002418939692194,0.1341842961592723,67.02127659574468,0.1430335069429502,75.59055118110236,0.009322901674160314,0.09555606128047883,87.09677419354838,0.00022911776651304765,0.21060652386677584,50.43478260869565,0.6201440059281972,0.33817279498811326,43.90243902439025,0.5781995692829617,0.220270008788099,64.70588235294117,0.03148638109351209,0.24623324878904795,62.5,0.0833218430122701,0.10248195308745574,66.66666666666666,0.18972959836811024,0.23535146855358272,42.857142857142854,0.7883977856869737,0.7080006225308242,50.0,1.2351053503959213,0.16476829741945917,71.42857142857143,0.20911719872718362
39,0.7209858662190757,0.15739969030231588,63.829787234042556,0.15446925389345914,74.01574803149606,0.6711986715250069,0.1086741676726899,83.87096774193549,0.27804459867695897,0.2153309621179908,49.56521739130435,0.9455545337044144,0.34314712059397656,41.46341463414634,0.813597880469209,0.5064767395144354,58.82352941176471,1.8131269756563948,0.29183221742150883,62.5,4.1032253179222185,0.12774495584474188,83.33333333333334,0.006429304460629279,0.2939142485400584,64.28571428571429,0.029493251379257922,0.3282779790028821,50.0,0.042114891193793774,0.15785137121440504,85.71428571428571,0.13217929499763903
40,0.28109644638298603,0.12281548738225254,68.08510638297872,0.15543123680857165,75.59055118110236,0.00020188475978719537,0.11570336720450294,87.09677419354838,0.004421788777919662,0.1660619332979401,54.78260869565217,0.28841409144483127,0.2655822289326573,43.90243902439025,0.3737293663696805,0.22291682055978412,64.70588235294117,0.048370388652209675,0.2706011359379527,62.5,2.4389616133766183,0.1874691917622661,75.0,0.0014372455890693482,0.2581134773872934,64.28571428571429,0.03074556205049276,0.5944316109966926,50.0,0.09833796327359147,0.19322473488361305,71.42857142857143,0.05615463989472735
41,0.45816020735281987,0.1469592427105737,67.02127659574468,0.21738194527446808,72.44094488188976,0.0004336042007217795,0.16876740477868155,74.19354838709677,0.003685186958815605,0.20480805858568277,62.60869565217392,0.24081550244279865,0.3037263658522924,48.78048780487805,1.4935551400823688,0.3091582147018352,52.94117647058824,0.09695290178135732,0.37986904335836574,62.5,0.07888676499409093,0.1617084967746192,75.0,0.8326277331579526,0.47810800530977093,50.0,0.6241181222359079,0.23655884755813644,40.0,0.062221635605865834,0.19326625482073972,85.71428571428571,0.026375415896090295
42,0.0007855846101329213,0.3826299734095169,51.59574468085106,0.2411093615700383,67.71653543307087,0.015215550875602168,0.08954504581085307,96.7741935483871,0.0031979744822575157,0.3773790800464496,64.34782608695652,1.590846514591237,0.3111106887533936,56.09756097560976,0.27237063411975576,0.34139036145287865,47.05882352941176,7.600766064880983e-05,0.17493833084624133,50.0,0.19166822051343652,0.2645034447154979,50.0,0.019948009840201973,0.11578310870510809,64.28571428571429,0.013797380348547389,0.5069967232597007,70.0,1.1991739790869753,0.256605328525645,42.857142857142854,0.1963676460107136
43,0.6339567866589163,0.15018700913952926,65.95744680851064,0.16162470651208707,75.59055118110236,0.14013365932527574,0.11390113735710695,87.09677419354838,0.6613524105835673,0.18957042693551063,53.91304347826087,0.425837990326763,0.2775059711048451,41.46341463414634,0.056532011070623334,0.15028299411774063,76.47058823529412,0.001138642549972996,0.19029659710313934,75.0,2.1300402055984184,0.019424040453776145,91.66666666666666,0.06977238256821712,0.24551920045978845,57.14285714285714,0.037402144632197265,0.41897274464101636,40.0,0.22510286554715297,0.2209374600066024,57.14285714285714,0.5201668569454887
44,0.17903371015151512,0.2157517808458721,63.829787234042556,0.17462364825807203,73.22834645669292,0.1653474474424645,0.09870322254935993,90.32258064516128,0.0001953236081610202,0.28487313552586413,47.82608695652174,0.057083339051085535,0.34937434515193677,41.46341463414634,0.07680728481976205,0.09695906016549898,88.23529411764706,0.007818284910307926,0.23865333354199014,62.5,0.010195754078187074,0.04344132750056342,83.33333333333334,0.0005459993477313777,0.2949526713786854,50.0,0.013947662238600531,0.7721283019068407,50.0,0.9928034271404873,0.1866504801339915,71.42857142857143,1.443806436434744
45,0.03261368333844359,0.15922427805231362,67.02127659574468,0.19932774451525512,70.86614173228347,0.02976508842429162,0.09163646629571771,87.09677419354838,0.1500599774474091,0.21139980693887078,53.04347826086957,0.0032330481371974362,0.3947158630862835,46.34146341463415,0.7765235618778582,0.16941385816444265,64.70588235294117,0.0028344379201639693,0.18799572467635145,50.0,0.3634896934411503,0.21294066374864062,66.66666666666666,0.012918743764256972,0.2695313737866094,64.28571428571429,0.2662424414428453,0.246411889225239,50.0,0.4032297941936072,0.28120484594691575,57.14285714285714,0.3179515372593226
46,0.1912994329954543,0.21701482116498255,64.36170212765957,0.22325628219383856,72.44094488188976,0.014242439125504243,0.19355569378742904,77.41935483870968,0.00604364326435045,0.27673671859096616,63.47826086956522,0.0028700423071043343,0.2968935586719968,43.90243902439025,1.4310609977541133,0.4250875378581967,52.94117647058824,0.004773887058221014,0.42177608767662,62.5,0.06845827389006173,0.15112001637875702,75.0,0.0014326319818850164,0.38462502564487894,64.28571428571429,0.33476303513547034,0.47248510313967296,40.0,0.10066894610908281,0.25229314563656713,71.42857142857143,0.8189181077993087
47,0.22067641572798077,0.15615731822259876,68.08510638297872,0.15778007749348735,75.59055118110236,0.0032654535269411784,0.09644084626646822,87.09677419354838,0.20062063772307082,0.21108196380826505,56.52173913043478,0.011706765254138114,0.4557720072645306,48.78048780487805,0.8811775329327765,0.1429503842612866,70.58823529411765,0.03346519918189873,0.1740865967673282,75.0,0.005646187023038287,0.06706755355390995,91.66666666666666,0.0031357604681057838,0.2816808216719454,64.28571428571429,0.10885025145845231,0.3193942011132283,40.0,0.14708207605754242,0.3488606455790893,28.57142857142857,0.34426305526601503
48,0.02132197360384058,0.19437893406505272,62.23404255319149,0.1582759171261972,77.95275590551181,0.033078205509655144,0.10653198320527076,87.09677419354838,0.010762043144793489,0.2415648871542516,61.73913043478261,0.02363696402386299,0.2649323822750475,46.34146341463415,0.25473805415273004,0.1074606335741483,76.47058823529412,1.1491849193876154e-06,0.21715884879150668,75.0,0.006274938466713277,0.05275108652047653,91.66666666666666,0.007991454485038383,0.293995108215957,57.14285714285714,0.037155299710823854,0.2568520600647542,50.0,0.17680133907196344,0.2728715051155622,71.42857142857143,0.17014780678260263
49,0.322206304374857,0.19155685616880827,64.36170212765957,0.1864557005554757,75.59055118110236,5.018114123757875e-05,0.14062014326943145,83.87096774193549,0.0040945479477772695,0.25636515751490646,53.04347826086957,0.5234055107538763,0.4825141722491174,51.21951219512195,0.19383764272213805,0.1886844419907993,64.70588235294117,6.582785828024949e-05,0.3203386320213411,62.5,0.13727650404620673,0.03564267439793687,83.33333333333334,0.0009186976628982542,0.46408044232545176,50.0,0.6121076127163719,0.6794734888025385,40.0,0.021555144915384777,0.2955155463899378,57.14285714285714,0.053953217546044006
50,0.005399394791518095,0.20537419584460204,67.02127659574468,0.18425392898057055,77.16535433070865,0.7703992819455581,0.15396633834775483,80.64516129032258,0.0047139744745450145,0.24315130569591223,55.65217391304348,0.05692787119820283,0.31792224991632384,46.34146341463415,0.060144390248340195,0.5451129186247305,70.58823529411765,0.028649893095614432,0.32159731519475715,62.5,0.27433700310794923,0.0917334648279378,75.0,0.011297101537762998,0.43420261239726893,64.28571428571429,2.246896775426722,0.5549373206127172,40.0,0.09590704545609545,0.17406074296745086,85.71428571428571,0.10585280910270076
51,0.0028984093355245914,0.17639846635388567,63.297872340425535,0.1721735939271286,77.95275590551181,0.0003329861411347812,0.13497057622336228,87.09677419354838,0.010895447756466487,0.20096720874312646,56.52173913043478,0.07942345167886977,0.26526609256169253,43.90243902439025,0.04863903016791319,0.37880211223843085,64.70588235294117,0.0001555186242422312,0.2658012225412439,62.5,0.2311763683822632,0.09172739923283062,75.0,0.000892118271107591,0.2972940583196606,64.28571428571429,0.045014577360107555,0.22282212563773043,50.0,0.19870842834957977,0.24042387178531116,71.42857142857143,0.5722457061844178
52,0.18500865685931508,0.21834877223169016,65.42553191489363,0.46857695492352275,59.84251968503938,0.004769174625192722,0.2104401682472084,64.51612903225806,0.37309540755771303,0.3220664968106767,47.82608695652174,0.13970380497990442,0.4242687476467346,39.02439024390244,0.4619880269709912,1.172559521394582,47.05882352941176,0.26859576620001846,0.2888146706371741,37.5,0.010929227032294939,0.7355818503942392,50.0,0.0025733084248717596,0.24358863997756,64.28571428571429,0.21312840721341447,0.6458965438976121,40.0,0.05949625204423857,0.7421803797257265,42.857142857142854,0.02002777656864457
53,0.00046802466173529947,0.21567689761525427,63.297872340425535,0.28822365262083643,67.71653543307087,0.027708341741701732,0.09256286276228387,90.32258064516128,0.10555339584789554,0.2529675638307973,59.130434782608695,0.022763541880586793,0.3418051455693239,46.34146341463415,0.12562832375797192,0.2643791204439106,52.94117647058824,0.0018244476834592314,0.2915276102634849,50.0,0.037732259203836986,0.35794762636721494,58.333333333333336,0.007495179852327293,0.22880600172599236,57.14285714285714,0.00368701374362006,0.6735767319535135,50.0,0.0052655386861920825,0.38836445624496624,42.857142857142854,0.01536259151305546
54,0.0002899131693953351,0.2104729423700117,66.48936170212765,0.22091665394807503,69.29133858267717,0.0004127825197387058,0.08957177038426432,87.09677419354838,0.004611249350181921,0.25228730907806174,49.56521739130435,0.0730411342000617,0.3854263506443198,41.46341463414634,0.018298201677759657,0.1802085289302015,70.58823529411765,0.0008260852314551698,0.24510335931157745,62.5,0.004447631697571844,0.20732214342615685,66.66666666666666,0.0006047318430931685,0.2527713648197733,64.28571428571429,0.002753206183068846,0.6441131165594296,30.0,0.1984061033575446,0.271843860931974,57.14285714285714,0.014591934925058446
55,0.024226059053908854,0.2099972934506571,64.36170212765957,0.19103771317337506,74.80314960629921,0.006505512017822076,0.10241746266421244,87.09677419354838,0.000657935482419188,0.28778243341349347,55.65217391304348,0.01970438773018434,0.5315763571794678,43.90243902439025,0.1392394846268678,0.19136044756800052,70.58823529411765,0.00012955598312192686,0.26541062044242864,62.5,0.0011546012872752118,0.04655582603153818,75.0,0.03139906047189234,0.3054990502783995,64.28571428571429,0.013408021653814554,0.7436035209197972,30.0,0.15494548375081652,0.19753827671294918,71.42857142857143,0.26944740990247223
56,0.003410421583071426,0.18449667924887828,64.36170212765957,0.23006099397740223,71.65354330708661,0.014675416573672278,0.08564718682962827,90.32258064516128,4.616708812641864e-06,0.19954533940640334,57.391304347826086,0.42738908735209585,0.35800768485003226,48.78048780487805,0.23226778334912832,0.8039999508406523,52.94117647058824,0.010421412519403185,0.18157446489168985,62.5,0.0009819131731523443,0.23630672517317095,83.33333333333334,3.668425941020469e-05,0.16972824257062638,78.57142857142857,0.6375242333020307,0.24221568217561512,50.0,0.13714795598606855,0.18190033148938412,71.42857142857143,0.02241789432702728
57,0.05495443566536995,0.2785520914418958,62.76595744680851,0.31330162811630063,72.44094488188976,0.04326699171966624,0.24583636143973195,74.19354838709677,0.6333605790319572,0.34670790531876267,50.43478260869565,0.023630085826000007,0.5292224021952906,36.58536585365854,0.4666455293181072,1.054176118902581,58.82352941176471,0.001442193146322548,0.5051991856216195,62.5,0.07990975759547882,0.3814397338953208,66.66666666666666,0.011346702659234213,0.744625223266065,42.857142857142854,0.0002450509252770244,0.9970142016139976,40.0,0.012593720689085475,0.3016924722341239,71.42857142857143,1.1877016232164745
58,0.02394348470688898,0.21293451682056816,65.42553191489363,0.21101679268610984,70.86614173228347,0.003678099952109201,0.08424970075974458,90.32258064516128,0.0006565840035965336,0.2653760940227792,53.04347826086957,0.1120572737681395,0.33926183107435665,48.78048780487805,0.16692181932134637,0.10039071493087294,70.58823529411765,0.004427379305364349,0.20918406208693438,50.0,3.422136028944836e-05,0.16551711657281026,66.66666666666666,1.128709419838327,0.2818615866369279,64.28571428571429,0.007422164370005777,0.6588639111086704,30.0,0.1942536503594227,0.28534845401265035,57.14285714285714,0.45308743000900026
59,0.00024359347762369606,0.2684081012228368,63.829787234042556,0.3785057242307982,63.77952755905512,6.11181022640851e-05,0.18480954325641205,80.64516129032258,6.493956750345644e-05,0.347582272967516,60.0,0.011051801651095412,0.4028872070758667,43.90243902439025,0.43221891718776384,0.8184856270427913,47.05882352941176,0.6006517766323789,0.35640115833881514,62.5,0.00035971892615574636,0.5073935660379116,50.0,0.0010955819346427052,0.3087339792395824,71.42857142857143,0.0340324049805556,0.809666727527809,50.0,0.017460702714001325,0.4727566891573103,28.57142857142857,0.012049205369101762
60,0.29510549514567436,0.22688485150802537,64.8936170212766,0.2407886334875489,74.80314960629921,5.4325631109768814e-05,0.09348360692015804,87.09677419354838,2.57085774875039e-07,0.2764703851057923,57.391304347826086,0.05571026571090202,0.3971017733553123,48.78048780487805,0.6320375201797034,0.20073078100325276,64.70588235294117,0.0001969285736483879,0.24925539725789628,62.5,0.0017474445405182906,0.37440206385019104,83.33333333333334,0.3765305654250988,0.20763397393012326,71.42857142857143,0.11697643788938494,0.2918019322734649,40.0,0.10721713427203161,0.2659650613144485,57.14285714285714,0.0035948839695103562
61,2.907134917564062e-05,0.3149951316658086,65.42553191489363,0.20506323572074162,74.01574803149606,0.04791094516774034,0.07678010307581097,93.54838709677419,0.00040131879838923163,0.4552743466179834,43.47826086956522,0.13678613835458836,0.6126340108548479,39.02439024390244,0.4908028260134157,0.17902708300955525,70.58823529411765,0.005009161450508448,0.2656954230025249,62.5,0.0038414896381888017,0.19503745269613224,58.333333333333336,2.777218764573477,0.25155423318644465,64.28571428571429,0.011268910798370549,0.7601533253057815,40.0,0.07014441660943407,0.23639548297593596,57.14285714285714,0.6685668914666013
62,0.004765933607447056,0.2266098630772991,64.8936170212766,0.2178950711294838,72.44094488188976,0.00017654223657781056,0.08680253850889867,93.54838709677419,0.44924721266076634,0.2986740918701675,58.26086956521739,0.21116142020104048,0.46266423791036176,41.46341463414634,0.34073184343355783,0.1800907624879503,64.70588235294117,0.00010674856894268806,0.24682337335256946,50.0,0.00024099429529929567,0.299942535882933,66.66666666666666,0.000475491138149678,0.1848093967923067,78.57142857142857,0.0027186405291958022,0.6558364143008559,40.0,0.005549706105595951,0.24728266382808362,57.14285714285714,0.48446148341990714
63,0.02531165593290612,0.25158134704585566,64.36170212765957,0.21792205779364707,70.86614173228347,0.008954714603685762,0.07664865983187356,87.09677419354838,1.973969097914898e-05,0.3067425655977102,59.130434782608695,0.002670100223333411,0.4021305879841782,48.78048780487805,0.4794017344743384,0.24532585729453404,52.94117647058824,0.019955336179461932,0.17828620351650604,62.5,0.6988667779916394,0.23465178275146703,58.333333333333336,0.007012214074262611,0.2132052111180934,71.42857142857143,0.001142907230799033,0.243928938060902,60.0,0.008568738714339543,0.18175764263038804,71.42857142857143,0.3971486639736164
64,0.0013370259810363018,0.2775151045612246,64.8936170212766,0.4606004409086254,60.629921259842526,0.0006956096438495273,0.2137243583253999,77.41935483870968,0.00015267498746430387,0.35460632514943674,56.52173913043478,0.4872296091420886,0.47133123124117904,41.46341463414634,0.060282384986780256,1.1496332557642976,52.94117647058824,0.004504025330777968,0.4770468670038256,50.0,0.0007240769243833805,0.7617575616470605,41.66666666666667,1.968656291006387e-05,0.32377962878750743,64.28571428571429,0.0008567589916605181,0.6169271796015794,30.0,0.0027400288924810316,0.5451370611021986,57.14285714285714,0.47958891879973686
65,0.8776734741489052,0.2617112577001733,63.829787234042556,0.22019392370684118,76.37795275590551,0.007251943322186443,0.13482017026530968,83.87096774193549,0.0009887823709397202,0.31312307485140417,60.0,0.03809462795842012,0.5081048070251633,46.34146341463415,0.03293423442973875,0.23882465976454548,58.82352941176471,0.00023466723584203165,0.3441932727775219,62.5,0.005364836823638564,0.10508452379301453,75.0,1.3894254467690601e-05,0.34598123018768856,64.28571428571429,0.01273638050773562,0.29574956696512694,50.0,0.05894617065953307,0.2169606607087355,71.42857142857143,0.008640107676642103
66,0.00044942379658537726,0.3111771818989571,64.36170212765957,0.26419607168785586,74.01574803149606,0.0015635870326649916,0.12770456063784055,87.09677419354838,0.00019385700029916065,0.40008252310551634,47.82608695652174,0.07288544520993802,0.7327114225128565,43.90243902439025,0.020581808630871227,0.3131380430358785,52.94117647058824,0.008051306410953214,0.2772912905170312,62.5,0.0007324388379089462,0.528315683219687,75.0,0.03034032374022754,0.21924038146000902,64.28571428571429,0.22910174549211718,0.8828006679690272,40.0,0.004839555980398244,0.3202296506673204,57.14285714285714,0.013719014811014004
67,0.2660421008388158,0.2199098330510486,66.48936170212765,0.22171827803920588,74.80314960629921,0.00035849745798107813,0.09153435840094754,90.32258064516128,0.00036214359348534674,0.24130741466908504,55.65217391304348,0.2793408164304791,0.28489575449418275,48.78048780487805,0.02223477357951075,0.08993700903698716,76.47058823529412,0.0031689035869881324,0.24903090468064493,50.0,0.2395247902776626,0.16807799375148327,66.66666666666666,7.039874486165822e-05,0.33697167344530454,57.14285714285714,0.06878962908949825,0.28641326977185005,60.0,0.021922013042622902,0.24271743263580478,57.14285714285714,0.29243286242419
68,0.009943307005054924,0.29090453551711004,62.23404255319149,0.3772450823053996,64.56692913385827,0.004717290755804791,0.1314614741913482,87.09677419354838,0.0012889684268235346,0.4050022350604534,56.52173913043478,0.07160890682543888,0.5793418615934169,48.78048780487805,0.03015389479073402,0.3957466790507835,52.94117647058824,0.00027914714731273204,0.28958044588631415,50.0,8.837120079667951e-05,0.5181625123043998,50.0,0.0026829185489407265,0.2029297824555747,71.42857142857143,0.00019534021536467798,0.8529222966773512,40.0,0.048358667219446386,0.4554428845802668,57.14285714285714,0.007236194105321193
69,2.7114763685019264e-05,0.26824106849577384,63.829787234042556,0.22891833536743234,70.86614173228347,0.45756402320668565,0.1515859501705272,74.19354838709677,1.1292289413746708,0.3843297741901052,53.91304347826087,0.16723008814180104,0.4860208031877863,48.78048780487805,0.12240385891185693,0.5018132765650921,58.82352941176471,0.00121736208318575,0.40089538249789797,62.5,2.471296963458249,0.19778086026155925,66.66666666666666,3.0419998604044597e-05,0.6321166126818802,42.857142857142854,1.880013299684308e-05,0.734674849503558,30.0,0.001354666342561412,0.21514316112111284,71.42857142857143,0.005532565744470869
70,0.013535759995097723,0.29282362093791453,63.829787234042556,0.26622887206732804,76.37795275590551,0.00012666117720063795,0.09787354481489761,90.32258064516128,0.00572591505403167,0.3714467404815001,58.26086956521739,0.017243460438802573,0.4676699473706803,51.21951219512195,0.7060930431904457,0.21236916465789846,70.58823529411765,0.0003741818895996843,0.29572074309725904,75.0,0.03360492115120318,0.18295682781166578,83.33333333333334,0.0010049319905729886,0.3612710815807011,57.14285714285714,0.035263302746572654,0.3261616019090008,60.0,0.007878687856784628,0.29200391375300316,71.42857142857143,0.00930632004839968
71,2.8956009325127474e-05,0.32179046193246713,67.5531914893617,0.27042754364380506,74.80314960629921,0.00015540754182054263,0.11296197822957872,87.09677419354838,4.271215138382766e-05,0.40055134804280185,51.30434782608696,0.00016874948058906469,0.5177990677345937,48.78048780487805,0.0074213702934065595,0.6569779039677633,70.58823529411765,0.000494275550405808,0.314869941813289,62.5,6.462305571702126e-05,0.09069027741543341,75.0,0.0002770036060536736,0.38307099740207345,64.28571428571429,0.10911368656408667,0.6220247566272565,40.0,0.007540530956206893,0.31533233689390866,71.42857142857143,0.42353577550958166
72,0.17250610828970922,0.3086462082689287,67.02127659574468,0.2742302218734059,70.86614173228347,0.0008523702898162424,0.08748321201691084,87.09677419354838,6.949931238857468e-05,0.4664323427177787,46.95652173913044,0.0020499421749057994,0.8827415329130969,41.46341463414634,0.0008213579726958919,0.3468927764748629,58.82352941176471,1.3643615427494835e-05,0.2490293783023357,75.0,0.4718235189347748,0.3497107871790712,75.0,6.04798091013092e-05,0.22050948579385993,71.42857142857143,0.06888801975163314,0.8439014549559699,40.0,0.04028883218539745,0.32474695283229466,57.14285714285714,0.000551746510756364
73,0.00047146841341478494,0.28113642516655896,64.36170212765957,0.2313613037803633,76.37795275590551,0.00014563840114570348,0.0921623802901414,87.09677419354838,0.00015209374943663887,0.39175613745661314,51.30434782608696,0.006309679947014218,0.6232955512803167,51.21951219512195,0.7006302984399609,0.14062930584201633,76.47058823529412,2.171599362439589e-05,0.26284928836097,75.0,7.935513088477943e-05,0.05486411069292562,83.33333333333334,0.1198297995506709,0.4591643963501046,64.28571428571429,0.10773345572982083,0.6157886367949139,50.0,0.0050061031957251536,0.20723023199124838,71.42857142857143,0.009380270095381237
74,0.000642642144021373,0.3082255211676431,67.02127659574468,0.41266359224654575,63.77952755905512,0.002460015290744754,0.13867728057573628,83.87096774193549,0.004541391997757707,0.3818100167609628,53.04347826086957,0.010781206666532133,0.4862570316531062,51.21951219512195,0.6340598311424455,0.3478581674230464,52.94117647058824,0.0007771532724449657,0.35882838896014047,50.0,0.00010382307554338468,0.6460466041025595,50.0,0.2787838258961653,0.2359256744651663,78.57142857142857,0.0031293244774860114,1.1081743940942723,50.0,0.0071706713682374735,0.38142701207961294,71.42857142857143,0.0012326582992223283
75,4.417237754199637e-05,0.2918785501369331,64.8936170212766,0.2533369372989982,74.01574803149606,3.28098454774248e-05,0.09360220663754716,90.32258064516128,1.0944034829165607e-05,0.34106971604796077,53.91304347826087,0.32837675091602103,0.45600525648402,43.90243902439025,0.002783359540789147,0.1430772965076483,70.58823529411765,5.5855600136227897e-05,0.2885621169153051,62.5,0.25058706028696426,0.1304712183779433,75.0,0.00017848118598042803,0.496978383975287,64.28571428571429,0.0009741734277483793,0.5073109952337448,50.0,0.02845313758515813,0.2954142200115334,57.14285714285714,0.008124328919945304
76,0.0004376958353745685,0.3062772064110107,64.8936170212766,0.29116750369357236,74.80314960629921,2.2373467053779018e-05,0.09370244097491583,93.54838709677419,6.480065307985941e-05,0.39779868097912857,53.91304347826087,0.0004739190707739755,0.4954985601477686,46.34146341463415,0.0007417566516149954,0.13276277119144173,76.47058823529412,5.2974427646449216e-06,0.3325132275464854,62.5,3.826379696338565e-05,0.23482931668411636,83.33333333333334,1.0583599297764074e-05,0.48708280821397637,64.28571428571429,0.0001666973487885936,0.48664884931506885,40.0,0.3127637426148673,0.30434673615761726,71.42857142857143,0.0013193750855763399
77,9.316143364851744e-05,0.33561031000698244,65.42553191489363,0.2541349760092693,74.80314960629921,0.18981510742508978,0.09753528272565663,87.09677419354838,0.0008092033321266656,0.43936571449088857,54.78260869565217,0.006267059979516812,0.6026596426631743,48.78048780487805,0.002761641881491612,0.12510260463062262,82.35294117647058,0.01067952884774918,0.33018643404166576,75.0,1.2889874381060453,0.23411874416365844,75.0,0.48793180729410124,0.4676196480549924,57.14285714285714,0.005813665251075903,0.8542533660900311,50.0,0.008066954458221911,0.3092455042043702,71.42857142857143,0.0003782092745361721
78,5.029410980173776e-05,0.35506005029613597,65.95744680851064,0.2054989198917542,77.16535433070865,0.04273677248681631,0.10466626999607434,83.87096774193549,1.3165413573036122,0.518797428621285,55.65217391304348,0.023497378823582216,0.5334149743681009,46.34146341463415,0.0012773825956856302,0.18142095663764052,64.70588235294117,2.6731158426641145e-05,0.314822265969138,75.0,2.992458695539679e-05,0.13545733915169475,75.0,1.7737820567013156,0.3136409250547439,64.28571428571429,0.004994572347370985,1.1062545942777908,40.0,0.00045320345089693806,0.21936141982981425,71.42857142857143,0.0004921848597884876
79,0.0017556485129824582,0.2926854179703504,64.8936170212766,0.2573645153290355,77.95275590551181,0.029685988176641514,0.11533159691601408,87.09677419354838,1.9802897831247025e-06,0.422856656409006,49.56521739130435,0.00019162494553149782,0.6695619153604123,43.90243902439025,0.0025540675854184855,0.2152401940274296,64.70588235294117,8.328225022555025e-07,0.3379800300532432,75.0,0.00023801898799724873,0.09245041380454116,83.33333333333334,0.0010860341392420784,0.3921515766297675,64.28571428571429,5.590459559900851e-05,0.5996618741179993,30.0,0.09480676761684406,0.24686053738448824,71.42857142857143,0.00011456652106505269
80,0.0001538285402948199,0.313579758045317,64.36170212765957,0.2601818467584815,73.22834645669292,0.0003250122118794757,0.07071212521791609,93.54838709677419,5.19923851853075e-05,0.4426869915459893,53.04347826086957,0.0002992447904896606,0.4934030955398786,51.21951219512195,0.055495445195015106,0.19999997235056258,82.35294117647058,0.00029161903230276334,0.2495708278021021,75.0,0.0003447428330883958,0.1723258851859302,75.0,0.0005540076362868587,0.2368546180807996,64.28571428571429,0.001209025655477086,1.1147729536978066,40.0,0.0002699085753488464,0.2406809959775032,71.42857142857143,0.004105410991183766
81,1.4852224634183719e-05,0.3649036958639718,65.95744680851064,0.2887225257662462,73.22834645669292,2.6189638181934056e-05,0.07975538082958146,90.32258064516128,0.0005268400982288836,0.44339663803225227,54.78260869565217,5.173611571854352e-06,0.6377696188141576,46.34146341463415,0.04282123061959513,0.25388687780647184,58.82352941176471,0.00034486010891111895,0.27772984725459254,75.0,0.00040363238851474887,0.2861235165104695,75.0,0.0001520238378251918,0.310082961206145,64.28571428571429,0.00047333570106553003,0.5130511827314794,50.0,0.00029745014649390733,0.3169967752996508,71.42857142857143,0.00045912980927475275
82,0.008703049640594072,0.38209204447378625,62.76595744680851,0.2994421956831357,74.01574803149606,1.2496562520612148e-05,0.09045184952396625,93.54838709677419,5.326493298867017e-05,0.5242960875139361,51.30434782608696,3.6774557980424754e-05,0.5864978052475123,51.21951219512195,0.016000720134904674,0.22162839083366692,58.82352941176471,0.00010081258136911756,0.3321691803614069,75.0,0.00033967432766476965,0.2533107689732462,83.33333333333334,0.0003119374330653401,0.36754003371443184,64.28571428571429,0.00024652405172003236,0.9711354929275732,40.0,0.002857477068234915,0.3323846514695324,71.42857142857143,0.0009210693165996722
83,0.0007078348100787459,0.4131606666224369,65.95744680851064,0.30390482349332504,73.22834645669292,1.4756905084613988e-05,0.09920553195861063,93.54838709677419,1.9546590188689134e-06,0.4994988214688146,54.78260869565217,6.598161288107996e-05,0.76047117216558,41.46341463414634,0.00036504228913669423,0.6259573894023049,70.58823529411765,2.717570853086709e-06,0.3621488300535666,75.0,3.710217437143949e-05,0.14290181486620282,83.33333333333334,6.675402247760916e-05,0.3916696828735498,64.28571428571429,3.324261293511329e-06,0.965148200357692,50.0,0.018241244945249663,0.3505850381648917,71.42857142857143,0.00047698963219898504
84,0.00015625240500182638,0.35199619719476927,62.76595744680851,0.3043105936015747,73.22834645669292,2.5367209893156087e-06,0.09018962799407125,93.54838709677419,3.6676331832548316e-07,0.513689475992197,56.52173913043478,0.0001769674982903411,0.8245330817545314,48.78048780487805,0.001032387069556502,0.21042917166228384,70.58823529411765,2.0506969061277064e-06,0.3733376329689691,75.0,2.244887143797645e-06,0.14175211046710356,83.33333333333334,1.4045492365668405e-06,0.4501003322372685,64.28571428571429,9.559654467171373e-06,0.5231398001944235,70.0,0.0013970758510419839,0.35570645073877694,71.42857142857143,3.435878293985083e-05
85,0.00019973258909504642,0.39080109958585874,65.42553191489363,0.314376125406763,72.44094488188976,8.782978635421395e-06,0.08963420622035742,93.54838709677419,1.3819113154672157e-06,0.514655313481939,52.17391304347826,0.17002358459218256,0.9713604801512997,48.78048780487805,7.13322953051795e-05,0.20793126696730344,64.70588235294117,5.190252888080285e-06,0.37048917402036025,75.0,2.5315232845863497e-06,0.1975383134795851,83.33333333333334,4.929502115996604e-05,0.3807280797455407,64.28571428571429,0.0001112957163195887,1.4113206910394784,30.0,8.711341824692065e-05,0.35114096399486483,71.42857142857143,9.053408226652108e-05
86,0.0346176485075515,0.48324762207112715,61.702127659574465,0.26772048358060446,72.44094488188976,0.00043020690214188825,0.08490941466319392,93.54838709677419,0.00044753975583404796,0.5561748843894101,59.130434782608695,0.0025203491540273975,0.6697853171326845,53.65853658536586,0.0006496409785290036,0.0777699547354718,82.35294117647058,0.006977602456497561,0.2923348974506815,75.0,0.040597739479160025,0.307904385430076,75.0,6.786998156031181e-05,0.3866912592096309,71.42857142857143,0.000558770337707713,1.3409059558263166,60.0,0.00012129927430344078,0.2829020801730719,71.42857142857143,0.035767235288399056
87,0.00041247394888073186,0.3689726412892621,66.48936170212765,0.1798929360534512,70.86614173228347,0.05366165034013361,0.10402759042557615,80.64516129032258,2.9500442859878553,0.5327987945341652,51.30434782608696,0.057618707305165315,0.9347987392378878,48.78048780487805,0.0006516474894804644,0.24983321921157955,58.82352941176471,0.001268622713896643,0.31558522642283265,62.5,5.172496207671825e-05,0.13413577289207615,75.0,3.180589935076109e-05,0.24499680671863172,71.42857142857143,0.02504119522084418,0.8991533921973046,50.0,0.00020346607226461334,0.14865376262174484,71.42857142857143,0.5470015864929726
88,0.00011063836456531388,0.40142836475753996,65.42553191489363,0.28710625436509357,69.29133858267717,0.0022355173950383716,0.10167789835419469,93.54838709677419,0.313284412244022,0.5662136527035503,48.69565217391305,0.0023690213880110307,0.9362030662666887,41.46341463414634,0.4808916238891043,0.2652861960817208,58.82352941176471,0.0006221751229258072,0.2559568963548943,50.0,1.3715010285955454e-05,0.2980318735352488,66.66666666666666,0.00024652347192417835,0.35723350275802895,64.28571428571429,0.01085037542838429,0.874412064699355,40.0,0.007704802993564442,0.3276246551050091,57.14285714285714,0.13271935555508002
89,0.039508096445102094,0.39790976220530333,62.76595744680851,0.26458545473001144,72.44094488188976,0.007733125388920959,0.10390400762902864,90.32258064516128,6.380398325093012e-05,0.52101768422678,52.17391304347826,0.0001329975017718303,0.6797118295448914,43.90243902439025,1.8678521200064966e-05,0.1538985832476817,76.47058823529412,1.837957547927029e-05,0.36525792792632505,62.5,2.7660809590300733e-05,0.056008734645248026,91.66666666666666,6.894446177163151e-05,0.6971218342356237,64.28571428571429,3.436222135861007e-05,0.9461504567828509,40.0,0.00010030481608912723,0.32779729811026304,71.42857142857143,0.0008727463435727809
90,6.905791924878706e-05,0.4952987496770647,59.57446808510638,0.2853467736782546,72.44094488188976,2.0136044715591142e-05,0.09959689157072978,90.32258064516128,3.338506459354628e-05,0.4861340497554109,62.60869565217392,0.33074772023446514,0.4442955392599072,46.34146341463415,0.00019216155024748453,0.20537783790140735,64.70588235294117,0.0031653658622542167,0.32525999552964313,75.0,0.07968768025182268,0.041608604835470464,91.66666666666666,1.9636805153723055e-05,0.4727227333865853,64.28571428571429,0.0006305673314282946,1.3402642274871934,60.0,0.0008092803748818482,0.32145867488289437,71.42857142857143,0.00220178374701015
91,0.000186213373853532,0.4366803423517197,63.829787234042556,0.2926155388467381,72.44094488188976,9.67610344058067e-07,0.10707221529702411,90.32258064516128,1.394845268869514e-06,0.5898431749121839,52.17391304347826,0.0003349782232907671,0.7073126104658497,53.65853658536586,0.009584169921843551,0.21619158314443498,58.82352941176471,5.326573968488633e-05,0.3573759150818789,75.0,1.05577241881963e-05,0.141987009898318,91.66666666666666,5.1376524379089966e-05,0.46272340910177184,64.28571428571429,5.9143667930959364e-06,0.8696085392171637,40.0,0.00010816168702979822,0.346867830858272,71.42857142857143,0.0003124459732800825
92,0.007404884536374775,0.3971792855431658,63.829787234042556,0.28233758923929536,77.16535433070865,3.064865965733368e-05,0.1384105827423406,87.09677419354838,4.000258780797653e-06,0.5541251812709378,50.43478260869565,0.00030159775828585893,0.7733406043283929,53.65853658536586,0.00022026623959885407,0.2700815211576376,70.58823529411765,3.3389853649287517e-06,0.4134770976395908,75.0,6.285779689552662e-07,0.1086109453798698,83.33333333333334,9.842919211259746e-07,0.5166218840499972,57.14285714285714,5.888950176846222e-06,1.5281013435003261,40.0,0.0014606403655862445,0.3511408916028838,71.42857142857143,0.0004973766455672125
93,0.003130805529236638,0.35856716442343,68.08510638297872,0.36902965495944684,68.50393700787401,0.0016450999514909792,0.11366963676457156,90.32258064516128,0.2883627364557026,0.48342239041186524,53.04347826086957,5.2618192864767264e-05,0.5433209280652945,46.34146341463415,0.00680091133502876,0.6332615475805182,47.05882352941176,0.0009254923893611856,0.25319604321765854,50.0,6.493646856727048e-05,0.587031077696584,33.33333333333333,2.4403815232515e-06,0.322606217906016,64.28571428571429,0.03037660587880295,0.7136806826499191,60.0,0.003274862606932445,0.3475422567472444,28.57142857142857,0.5905003322723055
94,2.4471653698367914e-05,0.45658880324050805,63.297872340425535,0.29989938440600655,74.01574803149606,3.382149343188189e-05,0.11017926039377174,93.54838709677419,1.0306858788710791e-05,0.5492571616569606,56.52173913043478,0.04404632627670858,0.639104249459813,51.21951219512195,0.01180531950050504,0.22451487991925773,76.47058823529412,0.00011964832182350528,0.3063446890086346,62.5,0.0018561874087020891,0.2814570514540626,66.66666666666666,0.001512358364724522,0.368419162206418,64.28571428571429,1.4945786342340777e-05,0.5593943928580162,40.0,0.0005153713161780822,0.2611660622502304,57.14285714285714,0.013903192065875425
95,0.002218506546958102,0.37265082589844106,62.76595744680851,0.26423644550701175,70.86614173228347,0.00217211115516595,0.08252765305920937,90.32258064516128,8.992262333735802e-07,0.46419749496417995,50.43478260869565,0.0007737834511629192,0.6294956635540084,51.21951219512195,0.00832014918935493,0.2552863137774128,52.94117647058824,0.00015572696202941755,0.21751833883040445,62.5,0.000484472127635221,0.3173562257373819,50.0,0.00016108736342194507,0.2514517418341477,64.28571428571429,0.000302141668454807,1.1524511781855367,40.0,0.5375328246925993,0.28153771252190557,57.14285714285714,0.013381782060016983
96,0.0008387984486435455,0.38390628077228856,66.48936170212765,0.5925941716880471,54.330708661417326,0.27432339442888387,0.376124672938202,67.74193548387096,2.6236557518622415e-06,0.5243867257176229,50.43478260869565,0.0013511581383443727,0.6153744817535733,51.21951219512195,0.8776419809571079,1.4603108284532424,47.05882352941176,0.0003307603959096971,0.7288625134802571,37.5,0.00033636975758532915,1.2313549202504126,33.33333333333333,2.4651710122577032e-05,0.3927989277023215,64.28571428571429,3.724559634408801e-05,0.6493333894640265,50.0,0.0006440674964456747,0.433282673287912,57.14285714285714,0.0003578086922404355
97,0.0008242650322345279,0.4173355765973462,64.36170212765957,0.24108372316934587,77.95275590551181,9.944237999018469e-05,0.1050364667131114,90.32258064516128,4.0244809542367464e-05,0.6018525074692013,55.65217391304348,0.00029484858490165647,0.845468801421495,48.78048780487805,0.0034427780047103667,0.1716415404369797,70.58823529411765,8.988467752260799e-05,0.3273841807676957,75.0,0.0011258256528706091,0.06479373580291442,83.33333333333334,0.07373474313413597,0.4870755645597419,64.28571428571429,0.0005932957765484486,0.7437106545013096,50.0,0.0014602759234067576,0.2179162955782297,71.42857142857143,0.0004427825137682894
98,0.0005254925729348559,0.4028773595121776,62.76595744680851,0.2617961895138042,74.01574803149606,3.8884079045569773e-07,0.15599039091561986,80.64516129032258,0.01911166156213624,0.532971934284704,52.17391304347826,0.0012050021074278903,0.6777629847688356,48.78048780487805,1.4415936248466002e-05,0.2664151449775057,64.70588235294117,1.0543741530707156e-06,0.4394057970537447,62.5,0.00020000590828278287,0.1447357639557408,83.33333333333334,1.0152739448351756e-05,0.5218636082371921,57.14285714285714,9.825520898838568e-05,1.8875098984441447,50.0,0.00040046519591101595,0.2571739307805704,57.14285714285714,0.00042856859519761135
99,4.487985476983867e-05,0.4652965805612822,61.170212765957444,0.2674252331029565,74.01574803149606,2.0784509841156885e-05,0.08931909014802346,87.09677419354838,3.97937429996432e-05,0.5188299057989251,60.0,0.0020378060583958304,0.6471531307075159,56.09756097560976,0.001457744195296604,0.130015611192742,82.35294117647058,9.699854997742345e-05,0.34303333578679573,75.0,0.00012624256340991902,0.04586629048969735,83.33333333333334,2.161806106421842e-05,0.5379953506735459,64.28571428571429,0.00010767879923419609,0.4800433523964881,60.0,2.0456822085130464e-05,0.22974697446715955,57.14285714285714,0.7655082191216543
